172650 
172650 ■ファイル取得指示が 26 件あります。
172650 ■コメント "[1.1]テンプレートファイル"
172650 ■ﾛｰｶﾙｻｲﾄﾞ:"%LOCALAPPDATA%\Autodesk\AutoCAD Mechanical 2025\R24.1\jpn\Acadm\Template\am_JIS-TOYO.dwt"
172650 ■-> 環境変数展開後:"C:\Users\sasahara\AppData\Local\Autodesk\AutoCAD Mechanical 2025\R24.1\jpn\Acadm\Template\am_JIS-TOYO.dwt"
172650 ■ｻｰﾊﾞｰｻｲﾄﾞ:C:\ProgramData\TOYOCOMMON\Autocad\Template\am2025_JIS-TOYO.dwt
 -> テンポラリ:C:\Users\sasahara\AppData\Local\Temp\XML_Control.GetFiles_cz23kwq4.zxi 取得成功
172650 ■ディレクトリ "C:\Users\sasahara\AppData\Local\Autodesk\AutoCAD Mechanical 2025\R24.1\jpn\Acadm\Template" が無いため作成しました。処理を続けます
172650 ※テンポラリ:SasaLib.ManagedTemporaryFile -> ﾛｰｶﾙｻｲﾄﾞ:C:\Users\sasahara\AppData\Local\Autodesk\AutoCAD Mechanical 2025\R24.1\jpn\Acadm\Template\am_JIS-TOYO.dwt 移動失敗。ﾛｰｶﾙｻｲﾄﾞ:C:\Users\sasahara\AppData\Local\Autodesk\AutoCAD Mechanical 2025\R24.1\jpn\Acadm\Template\am_JIS-TOYO.dwtが既に存在しています(2)。処理を続けられません continueします
173505 
173505 ■ファイル取得指示が 26 件あります。
173505 ■コメント "[1.1]テンプレートファイル"
173505 ■ﾛｰｶﾙｻｲﾄﾞ:"%LOCALAPPDATA%\Autodesk\AutoCAD Mechanical 2025\R24.1\jpn\Acadm\Template\am_JIS-TOYO.dwt"
173505 ■-> 環境変数展開後:"C:\Users\sasahara\AppData\Local\Autodesk\AutoCAD Mechanical 2025\R24.1\jpn\Acadm\Template\am_JIS-TOYO.dwt"
173505 ■ｻｰﾊﾞｰｻｲﾄﾞ:C:\ProgramData\TOYOCOMMON\Autocad\Template\am2025_JIS-TOYO.dwt
 -> テンポラリ:C:\Users\sasahara\AppData\Local\Temp\XML_Control.GetFiles_yfn443rr.aby 取得成功
173505 ■ディレクトリ "C:\Users\sasahara\AppData\Local\Autodesk\AutoCAD Mechanical 2025\R24.1\jpn\Acadm\Template" が無いため作成しました。処理を続けます
173505 ※テンポラリ:SasaLib.ManagedTemporaryFile -> ﾛｰｶﾙｻｲﾄﾞ:C:\Users\sasahara\AppData\Local\Autodesk\AutoCAD Mechanical 2025\R24.1\jpn\Acadm\Template\am_JIS-TOYO.dwt 移動失敗。ﾛｰｶﾙｻｲﾄﾞ:C:\Users\sasahara\AppData\Local\Autodesk\AutoCAD Mechanical 2025\R24.1\jpn\Acadm\Template\am_JIS-TOYO.dwtが既に存在しています(2)。処理を続けられません continueします
173913 
173913 ■ファイル取得指示が 26 件あります。
173913 ■コメント "[1.1]テンプレートファイル"
173913 ■ﾛｰｶﾙｻｲﾄﾞ:"%LOCALAPPDATA%\Autodesk\AutoCAD Mechanical 2025\R24.1\jpn\Acadm\Template\am_JIS-TOYO.dwt"
173913 ■-> 環境変数展開後:"C:\Users\sasahara\AppData\Local\Autodesk\AutoCAD Mechanical 2025\R24.1\jpn\Acadm\Template\am_JIS-TOYO.dwt"
173913 ※ｻｰﾊﾞｰｻｲﾄﾞ:C:\ProgramData\TOYOCOMMON\Autocad\Template\am2025_JIS-TOYO.dwt -> テンポラリ:C:\Users\sasahara\AppData\Local\Temp\XML_Control.GetFiles_jgya1gmt.of0 取得失敗(2)。処理を続けられませんスキップします
173913 ■コメント "[1.2]テンプレートファイル TOYO-PageSetUP.dwt"
173913 ■ﾛｰｶﾙｻｲﾄﾞ:"%LOCALAPPDATA%\Autodesk\AutoCAD Mechanical 2025\R25.0\jpn\Acadm\Template\TOYO-PageSetUP.dwt"
173913 ■-> 環境変数展開後:"C:\Users\sasahara\AppData\Local\Autodesk\AutoCAD Mechanical 2025\R25.0\jpn\Acadm\Template\TOYO-PageSetUP.dwt"
173913 ※ｻｰﾊﾞｰｻｲﾄﾞ:C:\ProgramData\TOYOCOMMON\Autocad\Template\am2025_TOYO-PageSetUP.dwt -> テンポラリ:C:\Users\sasahara\AppData\Local\Temp\XML_Control.GetFiles_xgzchsrg.qvw 取得失敗(2)。処理を続けられませんスキップします
173913 ■コメント "[1.3]テンプレートファイル am2025_トレサビリティマトリックス説明図用.dwt"
173913 ■ﾛｰｶﾙｻｲﾄﾞ:"%LOCALAPPDATA%\Autodesk\AutoCAD Mechanical 2025\R25.0\jpn\Acadm\Template\am2025_トレサビリティマトリックス説明図用.dwt"
173913 ■-> 環境変数展開後:"C:\Users\sasahara\AppData\Local\Autodesk\AutoCAD Mechanical 2025\R25.0\jpn\Acadm\Template\am2025_トレサビリティマトリックス説明図用.dwt"
173913 ※ｻｰﾊﾞｰｻｲﾄﾞ:C:\ProgramData\TOYOCOMMON\Autocad\Template\am2025_トレサビリティマトリックス説明図用.dwt -> テンポラリ:C:\Users\sasahara\AppData\Local\Temp\XML_Control.GetFiles_u1byeu5v.hrk 取得失敗(2)。処理を続けられませんスキップします
173913 ■コメント "[2.1]部品図用表題欄"
173913 ■ﾛｰｶﾙｻｲﾄﾞ:"%PUBLIC%\Documents\Autodesk\AutoCAD Mechanical 2025\Acadm\Gen\Dwg\Title\TOYO\TOYO-TYPE A.dwg"
173913 ■-> 環境変数展開後:"C:\Users\Public\Documents\Autodesk\AutoCAD Mechanical 2025\Acadm\Gen\Dwg\Title\TOYO\TOYO-TYPE A.dwg"
173913 ※ｻｰﾊﾞｰｻｲﾄﾞ:C:\ProgramData\TOYOCOMMON\Autocad\TITLE\Title_2025_TOYO-TYPE A.dwg -> テンポラリ:C:\Users\sasahara\AppData\Local\Temp\XML_Control.GetFiles_z3nsk53l.gdf 取得失敗(2)。処理を続けられませんスキップします
173913 ■コメント "[2.2]組立図レイアウト図用表題欄"
173913 ■ﾛｰｶﾙｻｲﾄﾞ:"%PUBLIC%\Documents\Autodesk\AutoCAD Mechanical 2025\Acadm\Gen\Dwg\Title\TOYO\TOYO-TYPE B.dwg"
173913 ■-> 環境変数展開後:"C:\Users\Public\Documents\Autodesk\AutoCAD Mechanical 2025\Acadm\Gen\Dwg\Title\TOYO\TOYO-TYPE B.dwg"
173913 ※ｻｰﾊﾞｰｻｲﾄﾞ:C:\ProgramData\TOYOCOMMON\Autocad\TITLE\Title_2025_TOYO-TYPE B.dwg -> テンポラリ:C:\Users\sasahara\AppData\Local\Temp\XML_Control.GetFiles_z5re5ykx.zfq 取得失敗(2)。処理を続けられませんスキップします
173913 ■コメント "[2.3]テーブル部品図用表題欄"
173913 ■ﾛｰｶﾙｻｲﾄﾞ:"%PUBLIC%\Documents\Autodesk\AutoCAD Mechanical 2025\Acadm\Gen\Dwg\Title\TOYO\TOYO-TYPE-テーブル.dwg"
173913 ■-> 環境変数展開後:"C:\Users\Public\Documents\Autodesk\AutoCAD Mechanical 2025\Acadm\Gen\Dwg\Title\TOYO\TOYO-TYPE-テーブル.dwg"
173913 ※ｻｰﾊﾞｰｻｲﾄﾞ:C:\ProgramData\TOYOCOMMON\Autocad\TITLE\Title_2025_TOYO-TYPE-テーブル.dwg -> テンポラリ:C:\Users\sasahara\AppData\Local\Temp\XML_Control.GetFiles_sprzkarr.rrr 取得失敗(2)。処理を続けられませんスキップします
173913 ■コメント "[2.4]薄板部品図用表題欄"
173913 ■ﾛｰｶﾙｻｲﾄﾞ:"%PUBLIC%\Documents\Autodesk\AutoCAD Mechanical 2025\Acadm\Gen\Dwg\Title\TOYO\TOYO-TYPE-薄板.dwg"
173913 ■-> 環境変数展開後:"C:\Users\Public\Documents\Autodesk\AutoCAD Mechanical 2025\Acadm\Gen\Dwg\Title\TOYO\TOYO-TYPE-薄板.dwg"
173913 ※ｻｰﾊﾞｰｻｲﾄﾞ:C:\ProgramData\TOYOCOMMON\Autocad\TITLE\Title_2025_TOYO-TYPE-薄板.dwg -> テンポラリ:C:\Users\sasahara\AppData\Local\Temp\XML_Control.GetFiles_f1oqbqre.2jd 取得失敗(2)。処理を続けられませんスキップします
173913 ■コメント "[3.1]図面シートフォーマット 組立・レイアウト図用 A0横"
173913 ■ﾛｰｶﾙｻｲﾄﾞ:"%PUBLIC%\Documents\Autodesk\AutoCAD Mechanical 2025\Acadm\Gen\Dwg\Format\TOYO\TOYO-A0L-ASSY.dwg"
173913 ■-> 環境変数展開後:"C:\Users\Public\Documents\Autodesk\AutoCAD Mechanical 2025\Acadm\Gen\Dwg\Format\TOYO\TOYO-A0L-ASSY.dwg"
173913 ※ｻｰﾊﾞｰｻｲﾄﾞ:C:\ProgramData\TOYOCOMMON\Autocad\Format\Format_2025_TOYO-A0L-ASSY.dwg -> テンポラリ:C:\Users\sasahara\AppData\Local\Temp\XML_Control.GetFiles_xtc4j2ds.kob 取得失敗(2)。処理を続けられませんスキップします
173913 ■コメント "[3.2]図面シートフォーマット 部品図用 A0横"
173913 ■ﾛｰｶﾙｻｲﾄﾞ:"%PUBLIC%\Documents\Autodesk\AutoCAD Mechanical 2025\Acadm\Gen\Dwg\Format\TOYO\TOYO-A0L-PARTS.dwg"
173913 ■-> 環境変数展開後:"C:\Users\Public\Documents\Autodesk\AutoCAD Mechanical 2025\Acadm\Gen\Dwg\Format\TOYO\TOYO-A0L-PARTS.dwg"
173913 ※ｻｰﾊﾞｰｻｲﾄﾞ:C:\ProgramData\TOYOCOMMON\Autocad\Format\Format_2025_TOYO-A0L-PARTS.dwg -> テンポラリ:C:\Users\sasahara\AppData\Local\Temp\XML_Control.GetFiles_ismocgyc.mjy 取得失敗(2)。処理を続けられませんスキップします
173913 ■コメント "[3.3]図面シートフォーマット 組立・レイアウト図用 A1横"
173913 ■ﾛｰｶﾙｻｲﾄﾞ:"%PUBLIC%\Documents\Autodesk\AutoCAD Mechanical 2025\Acadm\Gen\Dwg\Format\TOYO\TOYO-A1L-ASSY.dwg"
173913 ■-> 環境変数展開後:"C:\Users\Public\Documents\Autodesk\AutoCAD Mechanical 2025\Acadm\Gen\Dwg\Format\TOYO\TOYO-A1L-ASSY.dwg"
173913 ※ｻｰﾊﾞｰｻｲﾄﾞ:C:\ProgramData\TOYOCOMMON\Autocad\Format\Format_2025_TOYO-A1L-ASSY.dwg -> テンポラリ:C:\Users\sasahara\AppData\Local\Temp\XML_Control.GetFiles_d2nsf3bm.lk2 取得失敗(2)。処理を続けられませんスキップします
173913 ■コメント "[3.4]図面シートフォーマット 部品図用 A1横"
173913 ■ﾛｰｶﾙｻｲﾄﾞ:"%PUBLIC%\Documents\Autodesk\AutoCAD Mechanical 2025\Acadm\Gen\Dwg\Format\TOYO\TOYO-A1L-PARTS.dwg"
173913 ■-> 環境変数展開後:"C:\Users\Public\Documents\Autodesk\AutoCAD Mechanical 2025\Acadm\Gen\Dwg\Format\TOYO\TOYO-A1L-PARTS.dwg"
173913 ※ｻｰﾊﾞｰｻｲﾄﾞ:C:\ProgramData\TOYOCOMMON\Autocad\Format\Format_2025_TOYO-A1L-PARTS.dwg -> テンポラリ:C:\Users\sasahara\AppData\Local\Temp\XML_Control.GetFiles_jxnxtvq1.k4s 取得失敗(2)。処理を続けられませんスキップします
173913 ■コメント "[3.5]図面シートフォーマット 組立・レイアウト図用 A2横"
173913 ■ﾛｰｶﾙｻｲﾄﾞ:"%PUBLIC%\Documents\Autodesk\AutoCAD Mechanical 2025\Acadm\Gen\Dwg\Format\TOYO\TOYO-A2L-ASSY.dwg"
173913 ■-> 環境変数展開後:"C:\Users\Public\Documents\Autodesk\AutoCAD Mechanical 2025\Acadm\Gen\Dwg\Format\TOYO\TOYO-A2L-ASSY.dwg"
173913 ※ｻｰﾊﾞｰｻｲﾄﾞ:C:\ProgramData\TOYOCOMMON\Autocad\Format\Format_2025_TOYO-A2L-ASSY.dwg -> テンポラリ:C:\Users\sasahara\AppData\Local\Temp\XML_Control.GetFiles_1shskqkm.wtf 取得失敗(2)。処理を続けられませんスキップします
173913 ■コメント "[3.6]図面シートフォーマット 部品図用 A2横"
173913 ■ﾛｰｶﾙｻｲﾄﾞ:"%PUBLIC%\Documents\Autodesk\AutoCAD Mechanical 2025\Acadm\Gen\Dwg\Format\TOYO\TOYO-A2L-PARTS.dwg"
173913 ■-> 環境変数展開後:"C:\Users\Public\Documents\Autodesk\AutoCAD Mechanical 2025\Acadm\Gen\Dwg\Format\TOYO\TOYO-A2L-PARTS.dwg"
173913 ※ｻｰﾊﾞｰｻｲﾄﾞ:C:\ProgramData\TOYOCOMMON\Autocad\Format\Format_2025_TOYO-A2L-PARTS.dwg -> テンポラリ:C:\Users\sasahara\AppData\Local\Temp\XML_Control.GetFiles_ygnqcc5p.s2r 取得失敗(2)。処理を続けられませんスキップします
173913 ■コメント "[3.7]図面シートフォーマット 組立・レイアウト図用 A3横"
173913 ■ﾛｰｶﾙｻｲﾄﾞ:"%PUBLIC%\Documents\Autodesk\AutoCAD Mechanical 2025\Acadm\Gen\Dwg\Format\TOYO\TOYO-A3L-ASSY.dwg"
173913 ■-> 環境変数展開後:"C:\Users\Public\Documents\Autodesk\AutoCAD Mechanical 2025\Acadm\Gen\Dwg\Format\TOYO\TOYO-A3L-ASSY.dwg"
173913 ※ｻｰﾊﾞｰｻｲﾄﾞ:C:\ProgramData\TOYOCOMMON\Autocad\Format\Format_2025_TOYO-A3L-ASSY.dwg -> テンポラリ:C:\Users\sasahara\AppData\Local\Temp\XML_Control.GetFiles_j4lmaomm.dfr 取得失敗(2)。処理を続けられませんスキップします
173913 ■コメント "[3.8]図面シートフォーマット 部品図用 A3横"
173913 ■ﾛｰｶﾙｻｲﾄﾞ:"%PUBLIC%\Documents\Autodesk\AutoCAD Mechanical 2025\Acadm\Gen\Dwg\Format\TOYO\TOYO-A3L-PARTS.dwg"
173913 ■-> 環境変数展開後:"C:\Users\Public\Documents\Autodesk\AutoCAD Mechanical 2025\Acadm\Gen\Dwg\Format\TOYO\TOYO-A3L-PARTS.dwg"
173913 ※ｻｰﾊﾞｰｻｲﾄﾞ:C:\ProgramData\TOYOCOMMON\Autocad\Format\Format_2025_TOYO-A3L-PARTS.dwg -> テンポラリ:C:\Users\sasahara\AppData\Local\Temp\XML_Control.GetFiles_ldtycc3h.f01 取得失敗(2)。処理を続けられませんスキップします
173913 ■コメント "[3.9]図面シートフォーマット 組立・レイアウト図用 A4縦"
173913 ■ﾛｰｶﾙｻｲﾄﾞ:"%PUBLIC%\Documents\Autodesk\AutoCAD Mechanical 2025\Acadm\Gen\Dwg\Format\TOYO\TOYO-A4R-ASSY.dwg"
173913 ■-> 環境変数展開後:"C:\Users\Public\Documents\Autodesk\AutoCAD Mechanical 2025\Acadm\Gen\Dwg\Format\TOYO\TOYO-A4R-ASSY.dwg"
173913 ※ｻｰﾊﾞｰｻｲﾄﾞ:C:\ProgramData\TOYOCOMMON\Autocad\Format\Format_2025_TOYO-A4R-ASSY.dwg -> テンポラリ:C:\Users\sasahara\AppData\Local\Temp\XML_Control.GetFiles_mfoae1a4.zl2 取得失敗(2)。処理を続けられませんスキップします
173913 ■コメント "[3.10]図面シートフォーマット 部品図用 A4縦"
173913 ■ﾛｰｶﾙｻｲﾄﾞ:"%PUBLIC%\Documents\Autodesk\AutoCAD Mechanical 2025\Acadm\Gen\Dwg\Format\TOYO\TOYO-A4R-PARTS.dwg"
173913 ■-> 環境変数展開後:"C:\Users\Public\Documents\Autodesk\AutoCAD Mechanical 2025\Acadm\Gen\Dwg\Format\TOYO\TOYO-A4R-PARTS.dwg"
173913 ※ｻｰﾊﾞｰｻｲﾄﾞ:C:\ProgramData\TOYOCOMMON\Autocad\Format\Format_2025_TOYO-A4R-PARTS.dwg -> テンポラリ:C:\Users\sasahara\AppData\Local\Temp\XML_Control.GetFiles_c2udcluu.3po 取得失敗(2)。処理を続けられませんスキップします
173913 ■コメント "[4.1]ﾘﾋﾞｼﾞｮﾝテーブル"
173913 ■ﾛｰｶﾙｻｲﾄﾞ:"%PUBLIC%\Documents\Autodesk\AutoCAD Mechanical 2025\Acadm\Gen\Dwg\Revisionlist\TOYO\TOYO_REVLIST.dwg"
173913 ■-> 環境変数展開後:"C:\Users\Public\Documents\Autodesk\AutoCAD Mechanical 2025\Acadm\Gen\Dwg\Revisionlist\TOYO\TOYO_REVLIST.dwg"
173913 ※ｻｰﾊﾞｰｻｲﾄﾞ:C:\ProgramData\TOYOCOMMON\Autocad\Revisionlist\Revisionlist_2025_TOYO_REVLIST.dwg -> テンポラリ:C:\Users\sasahara\AppData\Local\Temp\XML_Control.GetFiles_ffev1kvg.aaj 取得失敗(2)。処理を続けられませんスキップします
173913 ■コメント "[5.1] PC3 Files"
173913 ■ﾛｰｶﾙｻｲﾄﾞ:"%APPDATA%\Autodesk\AutoCAD Mechanical 2025\R25.0\jpn\Plotters\LocalTiffPrinter.pc3"
173913 ■-> 環境変数展開後:"C:\Users\sasahara\AppData\Roaming\Autodesk\AutoCAD Mechanical 2025\R25.0\jpn\Plotters\LocalTiffPrinter.pc3"
173913 ■ｻｰﾊﾞｰｻｲﾄﾞ:C:\ProgramData\TOYOCOMMON\Autocad\Plotters\LocalTiffPrinter.pc3
 -> テンポラリ:C:\Users\sasahara\AppData\Local\Temp\XML_Control.GetFiles_czngqz41.pho 取得成功
173913 ■ディレクトリ "C:\Users\sasahara\AppData\Roaming\Autodesk\AutoCAD Mechanical 2025\R25.0\jpn\Plotters" は既に存在しています。処理を続けます
173913 ※テンポラリ:SasaLib.ManagedTemporaryFile -> ﾛｰｶﾙｻｲﾄﾞ:C:\Users\sasahara\AppData\Roaming\Autodesk\AutoCAD Mechanical 2025\R25.0\jpn\Plotters\LocalTiffPrinter.pc3 移動失敗。ﾛｰｶﾙｻｲﾄﾞ:C:\Users\sasahara\AppData\Roaming\Autodesk\AutoCAD Mechanical 2025\R25.0\jpn\Plotters\LocalTiffPrinter.pc3が既に存在しています(2)。処理を続けられません continueします
174252 
174252 ■ファイル取得指示が 26 件あります。
174252 ■コメント "[1.1]テンプレートファイル"
174252 ■ﾛｰｶﾙｻｲﾄﾞ:"%LOCALAPPDATA%\Autodesk\AutoCAD Mechanical 2025\R24.1\jpn\Acadm\Template\am_JIS-TOYO.dwt"
174252 ■-> 環境変数展開後:"C:\Users\sasahara\AppData\Local\Autodesk\AutoCAD Mechanical 2025\R24.1\jpn\Acadm\Template\am_JIS-TOYO.dwt"
174252 ■ｻｰﾊﾞｰｻｲﾄﾞ:C:\ProgramData\TOYOCOMMON\Autocad\Template\am2025_JIS-TOYO.dwt
 -> テンポラリ:C:\Users\sasahara\AppData\Local\Temp\XML_Control.GetFiles_idvp0rgq.erg 取得成功
174252 ■ディレクトリ "C:\Users\sasahara\AppData\Local\Autodesk\AutoCAD Mechanical 2025\R24.1\jpn\Acadm\Template" は既に存在しています。処理を続けます
174252 ※テンポラリ:SasaLib.ManagedTemporaryFile -> ﾛｰｶﾙｻｲﾄﾞ:C:\Users\sasahara\AppData\Local\Autodesk\AutoCAD Mechanical 2025\R24.1\jpn\Acadm\Template\am_JIS-TOYO.dwt 移動失敗。ﾛｰｶﾙｻｲﾄﾞ:C:\Users\sasahara\AppData\Local\Autodesk\AutoCAD Mechanical 2025\R24.1\jpn\Acadm\Template\am_JIS-TOYO.dwtが既に存在しています(2)。処理を続けられません continueします
174444 
174444 ■ファイル取得指示が 26 件あります。
174444 ■コメント "[1.1]テンプレートファイル"
174444 ■ﾛｰｶﾙｻｲﾄﾞ:"%LOCALAPPDATA%\Autodesk\AutoCAD Mechanical 2025\R24.1\jpn\Acadm\Template\am_JIS-TOYO.dwt"
174444 ■-> 環境変数展開後:"C:\Users\sasahara\AppData\Local\Autodesk\AutoCAD Mechanical 2025\R24.1\jpn\Acadm\Template\am_JIS-TOYO.dwt"
174444 ■ｻｰﾊﾞｰｻｲﾄﾞ:C:\ProgramData\TOYOCOMMON\Autocad\Template\am2025_JIS-TOYO.dwt
 -> テンポラリ:C:\Users\sasahara\AppData\Local\Temp\XML_Control.GetFiles_5lcc2ujb.5uc 取得成功
174444 ■ディレクトリ "C:\Users\sasahara\AppData\Local\Autodesk\AutoCAD Mechanical 2025\R24.1\jpn\Acadm\Template" は既に存在しています。処理を続けます
174948 
174948 ■ファイル取得指示が 26 件あります。
174948 ■コメント "[1.1]テンプレートファイル"
174948 ■ﾛｰｶﾙｻｲﾄﾞ:"%LOCALAPPDATA%\Autodesk\AutoCAD Mechanical 2025\R24.1\jpn\Acadm\Template\am_JIS-TOYO.dwt"
174948 ■-> 環境変数展開後:"C:\Users\sasahara\AppData\Local\Autodesk\AutoCAD Mechanical 2025\R24.1\jpn\Acadm\Template\am_JIS-TOYO.dwt"
174948 ■ｻｰﾊﾞｰｻｲﾄﾞ:C:\ProgramData\TOYOCOMMON\Autocad\Template\am2025_JIS-TOYO.dwt
 -> テンポラリ:C:\Users\sasahara\AppData\Local\Temp\XML_Control.GetFiles_py2w0hg3.0dt 取得成功
174948 ■ディレクトリ "C:\Users\sasahara\AppData\Local\Autodesk\AutoCAD Mechanical 2025\R24.1\jpn\Acadm\Template" は既に存在しています。処理を続けます
174948 ※テンポラリ:C:\Users\sasahara\AppData\Local\Temp\XML_Control.GetFiles_py2w0hg3.0dt -> ﾛｰｶﾙｻｲﾄﾞ:C:\Users\sasahara\AppData\Local\Autodesk\AutoCAD Mechanical 2025\R24.1\jpn\Acadm\Template\am_JIS-TOYO.dwt 移動失敗。ﾛｰｶﾙｻｲﾄﾞ:C:\Users\sasahara\AppData\Local\Autodesk\AutoCAD Mechanical 2025\R24.1\jpn\Acadm\Template\am_JIS-TOYO.dwtが既に存在しています(2)。処理を続けられません continueします
175107 
175107 ■ファイル取得指示が 26 件あります。
175107 ■コメント "[1.1]テンプレートファイル"
175107 ■ﾛｰｶﾙｻｲﾄﾞ:"%LOCALAPPDATA%\Autodesk\AutoCAD Mechanical 2025\R24.1\jpn\Acadm\Template\am_JIS-TOYO.dwt"
175107 ■-> 環境変数展開後:"C:\Users\sasahara\AppData\Local\Autodesk\AutoCAD Mechanical 2025\R24.1\jpn\Acadm\Template\am_JIS-TOYO.dwt"
175315 
175315 ■ファイル取得指示が 26 件あります。
175315 ■コメント "[1.1]テンプレートファイル"
175315 ■ﾛｰｶﾙｻｲﾄﾞ:"%LOCALAPPDATA%\Autodesk\AutoCAD Mechanical 2025\R24.1\jpn\Acadm\Template\am_JIS-TOYO.dwt"
175315 ■-> 環境変数展開後:"C:\Users\sasahara\AppData\Local\Autodesk\AutoCAD Mechanical 2025\R24.1\jpn\Acadm\Template\am_JIS-TOYO.dwt"
175315 ■ｻｰﾊﾞｰｻｲﾄﾞ:C:\ProgramData\TOYOCOMMON\Autocad\Template\am2025_JIS-TOYO.dwt
 -> テンポラリファイル:C:\Users\sasahara\AppData\Local\Temp\XML_Control.GetFiles_zsahm4xd.jptとして取得成功
175315 ■ディレクトリ "C:\Users\sasahara\AppData\Local\Autodesk\AutoCAD Mechanical 2025\R24.1\jpn\Acadm\Template" は既に存在しています。処理を続けます
175549 
175549 ■ファイル取得指示が 26 件あります。
175549 ■コメント "[1.1]テンプレートファイル"
175549 ■ﾛｰｶﾙｻｲﾄﾞ:"%LOCALAPPDATA%\Autodesk\AutoCAD Mechanical 2025\R24.1\jpn\Acadm\Template\am_JIS-TOYO.dwt"
175549 ■-> 環境変数展開後:"C:\Users\sasahara\AppData\Local\Autodesk\AutoCAD Mechanical 2025\R24.1\jpn\Acadm\Template\am_JIS-TOYO.dwt"
175549 ■ｻｰﾊﾞｰｻｲﾄﾞ:C:\ProgramData\TOYOCOMMON\Autocad\Template\am2025_JIS-TOYO.dwt
 -> テンポラリファイル:C:\Users\sasahara\AppData\Local\Temp\XML_Control.GetFiles_vxsioab3.yquとして取得成功
180028 
180028 ■ファイル取得指示が 26 件あります。
180028 ■コメント "[1.1]テンプレートファイル"
180028 ■ﾛｰｶﾙｻｲﾄﾞ:"%LOCALAPPDATA%\Autodesk\AutoCAD Mechanical 2025\R24.1\jpn\Acadm\Template\am_JIS-TOYO.dwt"
180028 ■-> 環境変数展開後:"C:\Users\sasahara\AppData\Local\Autodesk\AutoCAD Mechanical 2025\R24.1\jpn\Acadm\Template\am_JIS-TOYO.dwt"
180028 ■ｻｰﾊﾞｰｻｲﾄﾞ:C:\ProgramData\TOYOCOMMON\Autocad\Template\am2025_JIS-TOYO.dwt
 -> テンポラリファイル:C:\Users\sasahara\AppData\Local\Temp\XML_Control.GetFiles_kbylp1yr.eamとして取得成功
180028 ■ディレクトリ "C:\Users\sasahara\AppData\Local\Autodesk\AutoCAD Mechanical 2025\R24.1\jpn\Acadm\Template" は既に存在しています。処理を続けます
180028 ■テンポラリ:C:\Users\sasahara\AppData\Local\Temp\XML_Control.GetFiles_kbylp1yr.eam -> ﾛｰｶﾙｻｲﾄﾞ:C:\Users\sasahara\AppData\Local\Autodesk\AutoCAD Mechanical 2025\R24.1\jpn\Acadm\Template\am_JIS-TOYO.dwt 移動成功
180028 ■コメント "[1.2]テンプレートファイル TOYO-PageSetUP.dwt"
180028 ■ﾛｰｶﾙｻｲﾄﾞ:"%LOCALAPPDATA%\Autodesk\AutoCAD Mechanical 2025\R25.0\jpn\Acadm\Template\TOYO-PageSetUP.dwt"
180028 ■-> 環境変数展開後:"C:\Users\sasahara\AppData\Local\Autodesk\AutoCAD Mechanical 2025\R25.0\jpn\Acadm\Template\TOYO-PageSetUP.dwt"
180028 ■ｻｰﾊﾞｰｻｲﾄﾞ:C:\ProgramData\TOYOCOMMON\Autocad\Template\am2025_TOYO-PageSetUP.dwt
 -> テンポラリファイル:C:\Users\sasahara\AppData\Local\Temp\XML_Control.GetFiles_kvrnr5mw.xkeとして取得成功
180028 ■ディレクトリ "C:\Users\sasahara\AppData\Local\Autodesk\AutoCAD Mechanical 2025\R25.0\jpn\Acadm\Template" は既に存在しています。処理を続けます
180028 ■ﾛｰｶﾙｻｲﾄﾞ:C:\Users\sasahara\AppData\Local\Autodesk\AutoCAD Mechanical 2025\R25.0\jpn\Acadm\Template\TOYO-PageSetUP.dwt を 上書きするモードです.既存ﾌｧｲﾙを削除しました
180028 ■テンポラリ:C:\Users\sasahara\AppData\Local\Temp\XML_Control.GetFiles_kvrnr5mw.xke -> ﾛｰｶﾙｻｲﾄﾞ:C:\Users\sasahara\AppData\Local\Autodesk\AutoCAD Mechanical 2025\R25.0\jpn\Acadm\Template\TOYO-PageSetUP.dwt 移動成功
180028 ■コメント "[1.3]テンプレートファイル am2025_トレサビリティマトリックス説明図用.dwt"
180028 ■ﾛｰｶﾙｻｲﾄﾞ:"%LOCALAPPDATA%\Autodesk\AutoCAD Mechanical 2025\R25.0\jpn\Acadm\Template\am2025_トレサビリティマトリックス説明図用.dwt"
180028 ■-> 環境変数展開後:"C:\Users\sasahara\AppData\Local\Autodesk\AutoCAD Mechanical 2025\R25.0\jpn\Acadm\Template\am2025_トレサビリティマトリックス説明図用.dwt"
180028 ■ｻｰﾊﾞｰｻｲﾄﾞ:C:\ProgramData\TOYOCOMMON\Autocad\Template\am2025_トレサビリティマトリックス説明図用.dwt
 -> テンポラリファイル:C:\Users\sasahara\AppData\Local\Temp\XML_Control.GetFiles_ezjkxutp.k1vとして取得成功
180028 ■ディレクトリ "C:\Users\sasahara\AppData\Local\Autodesk\AutoCAD Mechanical 2025\R25.0\jpn\Acadm\Template" は既に存在しています。処理を続けます
180028 ■テンポラリ:C:\Users\sasahara\AppData\Local\Temp\XML_Control.GetFiles_ezjkxutp.k1v -> ﾛｰｶﾙｻｲﾄﾞ:C:\Users\sasahara\AppData\Local\Autodesk\AutoCAD Mechanical 2025\R25.0\jpn\Acadm\Template\am2025_トレサビリティマトリックス説明図用.dwt 移動成功
180028 ■コメント "[2.1]部品図用表題欄"
180028 ■ﾛｰｶﾙｻｲﾄﾞ:"%PUBLIC%\Documents\Autodesk\AutoCAD Mechanical 2025\Acadm\Gen\Dwg\Title\TOYO\TOYO-TYPE A.dwg"
180028 ■-> 環境変数展開後:"C:\Users\Public\Documents\Autodesk\AutoCAD Mechanical 2025\Acadm\Gen\Dwg\Title\TOYO\TOYO-TYPE A.dwg"
180701 
180701 ■ファイル取得指示が 26 件あります。
180701 ■コメント "[1.1]テンプレートファイル"
180701 ■ﾛｰｶﾙｻｲﾄﾞ:"%LOCALAPPDATA%\Autodesk\AutoCAD Mechanical 2025\R24.1\jpn\Acadm\Template\am_JIS-TOYO.dwt"
180701 ■-> 環境変数展開後:"C:\Users\sasahara\AppData\Local\Autodesk\AutoCAD Mechanical 2025\R24.1\jpn\Acadm\Template\am_JIS-TOYO.dwt"
180701 ■ｻｰﾊﾞｰｻｲﾄﾞ:C:\ProgramData\TOYOCOMMON\Autocad\Template\am2025_JIS-TOYO.dwt
 -> テンポラリファイル:C:\Users\sasahara\AppData\Local\Temp\XML_Control.GetFiles_ik4n0553.wqeとして取得成功
180701 ■ディレクトリ "C:\Users\sasahara\AppData\Local\Autodesk\AutoCAD Mechanical 2025\R24.1\jpn\Acadm\Template" は既に存在しています。処理を続けます
180701 ■ﾛｰｶﾙｻｲﾄﾞ:C:\Users\sasahara\AppData\Local\Autodesk\AutoCAD Mechanical 2025\R24.1\jpn\Acadm\Template\am_JIS-TOYO.dwt を 上書きするモードです.既存ﾌｧｲﾙを削除しました
180701 ■テンポラリ:C:\Users\sasahara\AppData\Local\Temp\XML_Control.GetFiles_ik4n0553.wqe -> ﾛｰｶﾙｻｲﾄﾞ:C:\Users\sasahara\AppData\Local\Autodesk\AutoCAD Mechanical 2025\R24.1\jpn\Acadm\Template\am_JIS-TOYO.dwt 移動成功
180701 ■コメント "[1.2]テンプレートファイル TOYO-PageSetUP.dwt"
180701 ■ﾛｰｶﾙｻｲﾄﾞ:"%LOCALAPPDATA%\Autodesk\AutoCAD Mechanical 2025\R25.0\jpn\Acadm\Template\TOYO-PageSetUP.dwt"
180701 ■-> 環境変数展開後:"C:\Users\sasahara\AppData\Local\Autodesk\AutoCAD Mechanical 2025\R25.0\jpn\Acadm\Template\TOYO-PageSetUP.dwt"
180701 ■ｻｰﾊﾞｰｻｲﾄﾞ:C:\ProgramData\TOYOCOMMON\Autocad\Template\am2025_TOYO-PageSetUP.dwt
 -> テンポラリファイル:C:\Users\sasahara\AppData\Local\Temp\XML_Control.GetFiles_rr1lcc0i.dw1として取得成功
180701 ■ディレクトリ "C:\Users\sasahara\AppData\Local\Autodesk\AutoCAD Mechanical 2025\R25.0\jpn\Acadm\Template" は既に存在しています。処理を続けます
180701 ■ﾛｰｶﾙｻｲﾄﾞ:C:\Users\sasahara\AppData\Local\Autodesk\AutoCAD Mechanical 2025\R25.0\jpn\Acadm\Template\TOYO-PageSetUP.dwt を 上書きするモードです.既存ﾌｧｲﾙを削除しました
180701 ■テンポラリ:C:\Users\sasahara\AppData\Local\Temp\XML_Control.GetFiles_rr1lcc0i.dw1 -> ﾛｰｶﾙｻｲﾄﾞ:C:\Users\sasahara\AppData\Local\Autodesk\AutoCAD Mechanical 2025\R25.0\jpn\Acadm\Template\TOYO-PageSetUP.dwt 移動成功
180701 ■コメント "[1.3]テンプレートファイル am2025_トレサビリティマトリックス説明図用.dwt"
180701 ■ﾛｰｶﾙｻｲﾄﾞ:"%LOCALAPPDATA%\Autodesk\AutoCAD Mechanical 2025\R25.0\jpn\Acadm\Template\am2025_トレサビリティマトリックス説明図用.dwt"
180701 ■-> 環境変数展開後:"C:\Users\sasahara\AppData\Local\Autodesk\AutoCAD Mechanical 2025\R25.0\jpn\Acadm\Template\am2025_トレサビリティマトリックス説明図用.dwt"
180701 ※ｻｰﾊﾞｰｻｲﾄﾞ:C:\ProgramData\TOYOCOMMON\Autocad\Template\am2025_トレサビリティマトリックス説明図用.dwt -> テンポラリ:C:\Users\sasahara\AppData\Local\Temp\XML_Control.GetFiles_pswkk21d.e3w 取得失敗(2)。処理を続けられませんスキップします
180701 ■コメント "[2.1]部品図用表題欄"
180701 ■ﾛｰｶﾙｻｲﾄﾞ:"%PUBLIC%\Documents\Autodesk\AutoCAD Mechanical 2025\Acadm\Gen\Dwg\Title\TOYO\TOYO-TYPE A.dwg"
180701 ■-> 環境変数展開後:"C:\Users\Public\Documents\Autodesk\AutoCAD Mechanical 2025\Acadm\Gen\Dwg\Title\TOYO\TOYO-TYPE A.dwg"
180701 ■ｻｰﾊﾞｰｻｲﾄﾞ:C:\ProgramData\TOYOCOMMON\Autocad\TITLE\Title_2025_TOYO-TYPE A.dwg
 -> テンポラリファイル:C:\Users\sasahara\AppData\Local\Temp\XML_Control.GetFiles_v2wq2lv0.acrとして取得成功
180701 ■ディレクトリ "C:\Users\Public\Documents\Autodesk\AutoCAD Mechanical 2025\Acadm\Gen\Dwg\Title\TOYO" が無いため作成しました。処理を続けます
180701 ■テンポラリ:C:\Users\sasahara\AppData\Local\Temp\XML_Control.GetFiles_v2wq2lv0.acr -> ﾛｰｶﾙｻｲﾄﾞ:C:\Users\Public\Documents\Autodesk\AutoCAD Mechanical 2025\Acadm\Gen\Dwg\Title\TOYO\TOYO-TYPE A.dwg 移動成功
180701 ■コメント "[2.2]組立図レイアウト図用表題欄"
180701 ■ﾛｰｶﾙｻｲﾄﾞ:"%PUBLIC%\Documents\Autodesk\AutoCAD Mechanical 2025\Acadm\Gen\Dwg\Title\TOYO\TOYO-TYPE B.dwg"
180701 ■-> 環境変数展開後:"C:\Users\Public\Documents\Autodesk\AutoCAD Mechanical 2025\Acadm\Gen\Dwg\Title\TOYO\TOYO-TYPE B.dwg"
180701 ■ｻｰﾊﾞｰｻｲﾄﾞ:C:\ProgramData\TOYOCOMMON\Autocad\TITLE\Title_2025_TOYO-TYPE B.dwg
 -> テンポラリファイル:C:\Users\sasahara\AppData\Local\Temp\XML_Control.GetFiles_4gtncoyc.e5jとして取得成功
180701 ■ディレクトリ "C:\Users\Public\Documents\Autodesk\AutoCAD Mechanical 2025\Acadm\Gen\Dwg\Title\TOYO" は既に存在しています。処理を続けます
180701 ■テンポラリ:C:\Users\sasahara\AppData\Local\Temp\XML_Control.GetFiles_4gtncoyc.e5j -> ﾛｰｶﾙｻｲﾄﾞ:C:\Users\Public\Documents\Autodesk\AutoCAD Mechanical 2025\Acadm\Gen\Dwg\Title\TOYO\TOYO-TYPE B.dwg 移動成功
180701 ■コメント "[2.3]テーブル部品図用表題欄"
180701 ■ﾛｰｶﾙｻｲﾄﾞ:"%PUBLIC%\Documents\Autodesk\AutoCAD Mechanical 2025\Acadm\Gen\Dwg\Title\TOYO\TOYO-TYPE-テーブル.dwg"
180701 ■-> 環境変数展開後:"C:\Users\Public\Documents\Autodesk\AutoCAD Mechanical 2025\Acadm\Gen\Dwg\Title\TOYO\TOYO-TYPE-テーブル.dwg"
180701 ■ｻｰﾊﾞｰｻｲﾄﾞ:C:\ProgramData\TOYOCOMMON\Autocad\TITLE\Title_2025_TOYO-TYPE-テーブル.dwg
 -> テンポラリファイル:C:\Users\sasahara\AppData\Local\Temp\XML_Control.GetFiles_505qa15m.1taとして取得成功
180701 ■ディレクトリ "C:\Users\Public\Documents\Autodesk\AutoCAD Mechanical 2025\Acadm\Gen\Dwg\Title\TOYO" は既に存在しています。処理を続けます
180701 ■テンポラリ:C:\Users\sasahara\AppData\Local\Temp\XML_Control.GetFiles_505qa15m.1ta -> ﾛｰｶﾙｻｲﾄﾞ:C:\Users\Public\Documents\Autodesk\AutoCAD Mechanical 2025\Acadm\Gen\Dwg\Title\TOYO\TOYO-TYPE-テーブル.dwg 移動成功
180701 ■コメント "[2.4]薄板部品図用表題欄"
180701 ■ﾛｰｶﾙｻｲﾄﾞ:"%PUBLIC%\Documents\Autodesk\AutoCAD Mechanical 2025\Acadm\Gen\Dwg\Title\TOYO\TOYO-TYPE-薄板.dwg"
180701 ■-> 環境変数展開後:"C:\Users\Public\Documents\Autodesk\AutoCAD Mechanical 2025\Acadm\Gen\Dwg\Title\TOYO\TOYO-TYPE-薄板.dwg"
180701 ■ｻｰﾊﾞｰｻｲﾄﾞ:C:\ProgramData\TOYOCOMMON\Autocad\TITLE\Title_2025_TOYO-TYPE-薄板.dwg
 -> テンポラリファイル:C:\Users\sasahara\AppData\Local\Temp\XML_Control.GetFiles_wemcf4qe.2hpとして取得成功
180701 ■ディレクトリ "C:\Users\Public\Documents\Autodesk\AutoCAD Mechanical 2025\Acadm\Gen\Dwg\Title\TOYO" は既に存在しています。処理を続けます
180701 ■テンポラリ:C:\Users\sasahara\AppData\Local\Temp\XML_Control.GetFiles_wemcf4qe.2hp -> ﾛｰｶﾙｻｲﾄﾞ:C:\Users\Public\Documents\Autodesk\AutoCAD Mechanical 2025\Acadm\Gen\Dwg\Title\TOYO\TOYO-TYPE-薄板.dwg 移動成功
180701 ■コメント "[3.1]図面シートフォーマット 組立・レイアウト図用 A0横"
180701 ■ﾛｰｶﾙｻｲﾄﾞ:"%PUBLIC%\Documents\Autodesk\AutoCAD Mechanical 2025\Acadm\Gen\Dwg\Format\TOYO\TOYO-A0L-ASSY.dwg"
180701 ■-> 環境変数展開後:"C:\Users\Public\Documents\Autodesk\AutoCAD Mechanical 2025\Acadm\Gen\Dwg\Format\TOYO\TOYO-A0L-ASSY.dwg"
180701 ■ｻｰﾊﾞｰｻｲﾄﾞ:C:\ProgramData\TOYOCOMMON\Autocad\Format\Format_2025_TOYO-A0L-ASSY.dwg
 -> テンポラリファイル:C:\Users\sasahara\AppData\Local\Temp\XML_Control.GetFiles_kgrszxnk.rxkとして取得成功
180701 ■ディレクトリ "C:\Users\Public\Documents\Autodesk\AutoCAD Mechanical 2025\Acadm\Gen\Dwg\Format\TOYO" が無いため作成しました。処理を続けます
180701 ■テンポラリ:C:\Users\sasahara\AppData\Local\Temp\XML_Control.GetFiles_kgrszxnk.rxk -> ﾛｰｶﾙｻｲﾄﾞ:C:\Users\Public\Documents\Autodesk\AutoCAD Mechanical 2025\Acadm\Gen\Dwg\Format\TOYO\TOYO-A0L-ASSY.dwg 移動成功
180701 ■コメント "[3.2]図面シートフォーマット 部品図用 A0横"
180701 ■ﾛｰｶﾙｻｲﾄﾞ:"%PUBLIC%\Documents\Autodesk\AutoCAD Mechanical 2025\Acadm\Gen\Dwg\Format\TOYO\TOYO-A0L-PARTS.dwg"
180701 ■-> 環境変数展開後:"C:\Users\Public\Documents\Autodesk\AutoCAD Mechanical 2025\Acadm\Gen\Dwg\Format\TOYO\TOYO-A0L-PARTS.dwg"
180701 ■ｻｰﾊﾞｰｻｲﾄﾞ:C:\ProgramData\TOYOCOMMON\Autocad\Format\Format_2025_TOYO-A0L-PARTS.dwg
 -> テンポラリファイル:C:\Users\sasahara\AppData\Local\Temp\XML_Control.GetFiles_rfzrr0i2.o1uとして取得成功
180701 ■ディレクトリ "C:\Users\Public\Documents\Autodesk\AutoCAD Mechanical 2025\Acadm\Gen\Dwg\Format\TOYO" は既に存在しています。処理を続けます
180701 ■テンポラリ:C:\Users\sasahara\AppData\Local\Temp\XML_Control.GetFiles_rfzrr0i2.o1u -> ﾛｰｶﾙｻｲﾄﾞ:C:\Users\Public\Documents\Autodesk\AutoCAD Mechanical 2025\Acadm\Gen\Dwg\Format\TOYO\TOYO-A0L-PARTS.dwg 移動成功
180701 ■コメント "[3.3]図面シートフォーマット 組立・レイアウト図用 A1横"
180701 ■ﾛｰｶﾙｻｲﾄﾞ:"%PUBLIC%\Documents\Autodesk\AutoCAD Mechanical 2025\Acadm\Gen\Dwg\Format\TOYO\TOYO-A1L-ASSY.dwg"
180701 ■-> 環境変数展開後:"C:\Users\Public\Documents\Autodesk\AutoCAD Mechanical 2025\Acadm\Gen\Dwg\Format\TOYO\TOYO-A1L-ASSY.dwg"
180701 ■ｻｰﾊﾞｰｻｲﾄﾞ:C:\ProgramData\TOYOCOMMON\Autocad\Format\Format_2025_TOYO-A1L-ASSY.dwg
 -> テンポラリファイル:C:\Users\sasahara\AppData\Local\Temp\XML_Control.GetFiles_eegr3nfy.2l4として取得成功
180701 ■ディレクトリ "C:\Users\Public\Documents\Autodesk\AutoCAD Mechanical 2025\Acadm\Gen\Dwg\Format\TOYO" は既に存在しています。処理を続けます
180701 ■テンポラリ:C:\Users\sasahara\AppData\Local\Temp\XML_Control.GetFiles_eegr3nfy.2l4 -> ﾛｰｶﾙｻｲﾄﾞ:C:\Users\Public\Documents\Autodesk\AutoCAD Mechanical 2025\Acadm\Gen\Dwg\Format\TOYO\TOYO-A1L-ASSY.dwg 移動成功
180701 ■コメント "[3.4]図面シートフォーマット 部品図用 A1横"
180701 ■ﾛｰｶﾙｻｲﾄﾞ:"%PUBLIC%\Documents\Autodesk\AutoCAD Mechanical 2025\Acadm\Gen\Dwg\Format\TOYO\TOYO-A1L-PARTS.dwg"
180701 ■-> 環境変数展開後:"C:\Users\Public\Documents\Autodesk\AutoCAD Mechanical 2025\Acadm\Gen\Dwg\Format\TOYO\TOYO-A1L-PARTS.dwg"
180701 ■ｻｰﾊﾞｰｻｲﾄﾞ:C:\ProgramData\TOYOCOMMON\Autocad\Format\Format_2025_TOYO-A1L-PARTS.dwg
 -> テンポラリファイル:C:\Users\sasahara\AppData\Local\Temp\XML_Control.GetFiles_shcrw1bk.ysjとして取得成功
180701 ■ディレクトリ "C:\Users\Public\Documents\Autodesk\AutoCAD Mechanical 2025\Acadm\Gen\Dwg\Format\TOYO" は既に存在しています。処理を続けます
180701 ■テンポラリ:C:\Users\sasahara\AppData\Local\Temp\XML_Control.GetFiles_shcrw1bk.ysj -> ﾛｰｶﾙｻｲﾄﾞ:C:\Users\Public\Documents\Autodesk\AutoCAD Mechanical 2025\Acadm\Gen\Dwg\Format\TOYO\TOYO-A1L-PARTS.dwg 移動成功
180701 ■コメント "[3.5]図面シートフォーマット 組立・レイアウト図用 A2横"
180701 ■ﾛｰｶﾙｻｲﾄﾞ:"%PUBLIC%\Documents\Autodesk\AutoCAD Mechanical 2025\Acadm\Gen\Dwg\Format\TOYO\TOYO-A2L-ASSY.dwg"
180701 ■-> 環境変数展開後:"C:\Users\Public\Documents\Autodesk\AutoCAD Mechanical 2025\Acadm\Gen\Dwg\Format\TOYO\TOYO-A2L-ASSY.dwg"
180701 ■ｻｰﾊﾞｰｻｲﾄﾞ:C:\ProgramData\TOYOCOMMON\Autocad\Format\Format_2025_TOYO-A2L-ASSY.dwg
 -> テンポラリファイル:C:\Users\sasahara\AppData\Local\Temp\XML_Control.GetFiles_enzgy5pv.ei0として取得成功
180701 ■ディレクトリ "C:\Users\Public\Documents\Autodesk\AutoCAD Mechanical 2025\Acadm\Gen\Dwg\Format\TOYO" は既に存在しています。処理を続けます
180701 ■テンポラリ:C:\Users\sasahara\AppData\Local\Temp\XML_Control.GetFiles_enzgy5pv.ei0 -> ﾛｰｶﾙｻｲﾄﾞ:C:\Users\Public\Documents\Autodesk\AutoCAD Mechanical 2025\Acadm\Gen\Dwg\Format\TOYO\TOYO-A2L-ASSY.dwg 移動成功
180701 ■コメント "[3.6]図面シートフォーマット 部品図用 A2横"
180701 ■ﾛｰｶﾙｻｲﾄﾞ:"%PUBLIC%\Documents\Autodesk\AutoCAD Mechanical 2025\Acadm\Gen\Dwg\Format\TOYO\TOYO-A2L-PARTS.dwg"
180701 ■-> 環境変数展開後:"C:\Users\Public\Documents\Autodesk\AutoCAD Mechanical 2025\Acadm\Gen\Dwg\Format\TOYO\TOYO-A2L-PARTS.dwg"
180701 ■ｻｰﾊﾞｰｻｲﾄﾞ:C:\ProgramData\TOYOCOMMON\Autocad\Format\Format_2025_TOYO-A2L-PARTS.dwg
 -> テンポラリファイル:C:\Users\sasahara\AppData\Local\Temp\XML_Control.GetFiles_cbxf4rnp.ba1として取得成功
180701 ■ディレクトリ "C:\Users\Public\Documents\Autodesk\AutoCAD Mechanical 2025\Acadm\Gen\Dwg\Format\TOYO" は既に存在しています。処理を続けます
180701 ■テンポラリ:C:\Users\sasahara\AppData\Local\Temp\XML_Control.GetFiles_cbxf4rnp.ba1 -> ﾛｰｶﾙｻｲﾄﾞ:C:\Users\Public\Documents\Autodesk\AutoCAD Mechanical 2025\Acadm\Gen\Dwg\Format\TOYO\TOYO-A2L-PARTS.dwg 移動成功
180701 ■コメント "[3.7]図面シートフォーマット 組立・レイアウト図用 A3横"
180701 ■ﾛｰｶﾙｻｲﾄﾞ:"%PUBLIC%\Documents\Autodesk\AutoCAD Mechanical 2025\Acadm\Gen\Dwg\Format\TOYO\TOYO-A3L-ASSY.dwg"
180701 ■-> 環境変数展開後:"C:\Users\Public\Documents\Autodesk\AutoCAD Mechanical 2025\Acadm\Gen\Dwg\Format\TOYO\TOYO-A3L-ASSY.dwg"
180701 ■ｻｰﾊﾞｰｻｲﾄﾞ:C:\ProgramData\TOYOCOMMON\Autocad\Format\Format_2025_TOYO-A3L-ASSY.dwg
 -> テンポラリファイル:C:\Users\sasahara\AppData\Local\Temp\XML_Control.GetFiles_zhcakl04.wkoとして取得成功
180701 ■ディレクトリ "C:\Users\Public\Documents\Autodesk\AutoCAD Mechanical 2025\Acadm\Gen\Dwg\Format\TOYO" は既に存在しています。処理を続けます
180701 ■テンポラリ:C:\Users\sasahara\AppData\Local\Temp\XML_Control.GetFiles_zhcakl04.wko -> ﾛｰｶﾙｻｲﾄﾞ:C:\Users\Public\Documents\Autodesk\AutoCAD Mechanical 2025\Acadm\Gen\Dwg\Format\TOYO\TOYO-A3L-ASSY.dwg 移動成功
180701 ■コメント "[3.8]図面シートフォーマット 部品図用 A3横"
180701 ■ﾛｰｶﾙｻｲﾄﾞ:"%PUBLIC%\Documents\Autodesk\AutoCAD Mechanical 2025\Acadm\Gen\Dwg\Format\TOYO\TOYO-A3L-PARTS.dwg"
180701 ■-> 環境変数展開後:"C:\Users\Public\Documents\Autodesk\AutoCAD Mechanical 2025\Acadm\Gen\Dwg\Format\TOYO\TOYO-A3L-PARTS.dwg"
180701 ※ｻｰﾊﾞｰｻｲﾄﾞ:C:\ProgramData\TOYOCOMMON\Autocad\Format\Format_2025_TOYO-A3L-PARTS.dwg -> テンポラリ:C:\Users\sasahara\AppData\Local\Temp\XML_Control.GetFiles_qenrq2w5.jt1 取得失敗(2)。処理を続けられませんスキップします
180701 ■コメント "[3.9]図面シートフォーマット 組立・レイアウト図用 A4縦"
180701 ■ﾛｰｶﾙｻｲﾄﾞ:"%PUBLIC%\Documents\Autodesk\AutoCAD Mechanical 2025\Acadm\Gen\Dwg\Format\TOYO\TOYO-A4R-ASSY.dwg"
180701 ■-> 環境変数展開後:"C:\Users\Public\Documents\Autodesk\AutoCAD Mechanical 2025\Acadm\Gen\Dwg\Format\TOYO\TOYO-A4R-ASSY.dwg"
180701 ※ｻｰﾊﾞｰｻｲﾄﾞ:C:\ProgramData\TOYOCOMMON\Autocad\Format\Format_2025_TOYO-A4R-ASSY.dwg -> テンポラリ:C:\Users\sasahara\AppData\Local\Temp\XML_Control.GetFiles_a2hxfi1f.lnb 取得失敗(2)。処理を続けられませんスキップします
180701 ■コメント "[3.10]図面シートフォーマット 部品図用 A4縦"
180701 ■ﾛｰｶﾙｻｲﾄﾞ:"%PUBLIC%\Documents\Autodesk\AutoCAD Mechanical 2025\Acadm\Gen\Dwg\Format\TOYO\TOYO-A4R-PARTS.dwg"
180701 ■-> 環境変数展開後:"C:\Users\Public\Documents\Autodesk\AutoCAD Mechanical 2025\Acadm\Gen\Dwg\Format\TOYO\TOYO-A4R-PARTS.dwg"
180701 ※ｻｰﾊﾞｰｻｲﾄﾞ:C:\ProgramData\TOYOCOMMON\Autocad\Format\Format_2025_TOYO-A4R-PARTS.dwg -> テンポラリ:C:\Users\sasahara\AppData\Local\Temp\XML_Control.GetFiles_ejdje2ms.bbm 取得失敗(2)。処理を続けられませんスキップします
180701 ■コメント "[4.1]ﾘﾋﾞｼﾞｮﾝテーブル"
180701 ■ﾛｰｶﾙｻｲﾄﾞ:"%PUBLIC%\Documents\Autodesk\AutoCAD Mechanical 2025\Acadm\Gen\Dwg\Revisionlist\TOYO\TOYO_REVLIST.dwg"
180701 ■-> 環境変数展開後:"C:\Users\Public\Documents\Autodesk\AutoCAD Mechanical 2025\Acadm\Gen\Dwg\Revisionlist\TOYO\TOYO_REVLIST.dwg"
180701 ■ｻｰﾊﾞｰｻｲﾄﾞ:C:\ProgramData\TOYOCOMMON\Autocad\Revisionlist\Revisionlist_2025_TOYO_REVLIST.dwg
 -> テンポラリファイル:C:\Users\sasahara\AppData\Local\Temp\XML_Control.GetFiles_jgaggprt.zoyとして取得成功
180701 ■ディレクトリ "C:\Users\Public\Documents\Autodesk\AutoCAD Mechanical 2025\Acadm\Gen\Dwg\Revisionlist\TOYO" が無いため作成しました。処理を続けます
180701 ■テンポラリ:C:\Users\sasahara\AppData\Local\Temp\XML_Control.GetFiles_jgaggprt.zoy -> ﾛｰｶﾙｻｲﾄﾞ:C:\Users\Public\Documents\Autodesk\AutoCAD Mechanical 2025\Acadm\Gen\Dwg\Revisionlist\TOYO\TOYO_REVLIST.dwg 移動成功
180701 ■コメント "[5.1] PC3 Files"
180701 ■ﾛｰｶﾙｻｲﾄﾞ:"%APPDATA%\Autodesk\AutoCAD Mechanical 2025\R25.0\jpn\Plotters\LocalTiffPrinter.pc3"
180701 ■-> 環境変数展開後:"C:\Users\sasahara\AppData\Roaming\Autodesk\AutoCAD Mechanical 2025\R25.0\jpn\Plotters\LocalTiffPrinter.pc3"
180701 ■ｻｰﾊﾞｰｻｲﾄﾞ:C:\ProgramData\TOYOCOMMON\Autocad\Plotters\LocalTiffPrinter.pc3
 -> テンポラリファイル:C:\Users\sasahara\AppData\Local\Temp\XML_Control.GetFiles_1raquhcr.s55として取得成功
180701 ■ディレクトリ "C:\Users\sasahara\AppData\Roaming\Autodesk\AutoCAD Mechanical 2025\R25.0\jpn\Plotters" は既に存在しています。処理を続けます
180701 ■テンポラリ:C:\Users\sasahara\AppData\Local\Temp\XML_Control.GetFiles_1raquhcr.s55 -> ﾛｰｶﾙｻｲﾄﾞ:C:\Users\sasahara\AppData\Roaming\Autodesk\AutoCAD Mechanical 2025\R25.0\jpn\Plotters\LocalTiffPrinter.pc3 移動成功
180701 ■コメント "[5.2] PC3 Files"
180701 ■ﾛｰｶﾙｻｲﾄﾞ:"%APPDATA%\Autodesk\AutoCAD Mechanical 2025\R25.0\jpn\Plotters\AutoCAD (A0-A4) DocuWide 6055.pc3"
180701 ■-> 環境変数展開後:"C:\Users\sasahara\AppData\Roaming\Autodesk\AutoCAD Mechanical 2025\R25.0\jpn\Plotters\AutoCAD (A0-A4) DocuWide 6055.pc3"
180701 ■ｻｰﾊﾞｰｻｲﾄﾞ:C:\ProgramData\TOYOCOMMON\Autocad\Plotters\AutoCAD (A0-A4) DocuWide 6055.pc3
 -> テンポラリファイル:C:\Users\sasahara\AppData\Local\Temp\XML_Control.GetFiles_102gyxs3.mfaとして取得成功
180701 ■ディレクトリ "C:\Users\sasahara\AppData\Roaming\Autodesk\AutoCAD Mechanical 2025\R25.0\jpn\Plotters" は既に存在しています。処理を続けます
180701 ■テンポラリ:C:\Users\sasahara\AppData\Local\Temp\XML_Control.GetFiles_102gyxs3.mfa -> ﾛｰｶﾙｻｲﾄﾞ:C:\Users\sasahara\AppData\Roaming\Autodesk\AutoCAD Mechanical 2025\R25.0\jpn\Plotters\AutoCAD (A0-A4) DocuWide 6055.pc3 移動成功
180701 ■コメント "[6.1] Plot Styles"
180701 ■ﾛｰｶﾙｻｲﾄﾞ:"%APPDATA%\Autodesk\AutoCAD Mechanical 2025\R25.0\jpn\Plotters\Plot Styles\TOYO標準ペン設定.ctb"
180701 ■-> 環境変数展開後:"C:\Users\sasahara\AppData\Roaming\Autodesk\AutoCAD Mechanical 2025\R25.0\jpn\Plotters\Plot Styles\TOYO標準ペン設定.ctb"
180701 ■ｻｰﾊﾞｰｻｲﾄﾞ:C:\ProgramData\TOYOCOMMON\Autocad\Plotters\Plot Styles\TOYO標準ペン設定.ctb
 -> テンポラリファイル:C:\Users\sasahara\AppData\Local\Temp\XML_Control.GetFiles_c5vldjgj.ii0として取得成功
180701 ■ディレクトリ "C:\Users\sasahara\AppData\Roaming\Autodesk\AutoCAD Mechanical 2025\R25.0\jpn\Plotters\Plot Styles" は既に存在しています。処理を続けます
180701 ■ﾛｰｶﾙｻｲﾄﾞ:C:\Users\sasahara\AppData\Roaming\Autodesk\AutoCAD Mechanical 2025\R25.0\jpn\Plotters\Plot Styles\TOYO標準ペン設定.ctb を 上書きするモードです.既存ﾌｧｲﾙを削除しました
180701 ■テンポラリ:C:\Users\sasahara\AppData\Local\Temp\XML_Control.GetFiles_c5vldjgj.ii0 -> ﾛｰｶﾙｻｲﾄﾞ:C:\Users\sasahara\AppData\Roaming\Autodesk\AutoCAD Mechanical 2025\R25.0\jpn\Plotters\Plot Styles\TOYO標準ペン設定.ctb 移動成功
180701 ■コメント "[6.2] Plot Styles"
180701 ■ﾛｰｶﾙｻｲﾄﾞ:"%APPDATA%\Autodesk\AutoCAD Mechanical 2025\R25.0\jpn\Plotters\Plot Styles\TOYO細線ペン設定.ctb"
180701 ■-> 環境変数展開後:"C:\Users\sasahara\AppData\Roaming\Autodesk\AutoCAD Mechanical 2025\R25.0\jpn\Plotters\Plot Styles\TOYO細線ペン設定.ctb"
180701 ■ｻｰﾊﾞｰｻｲﾄﾞ:C:\ProgramData\TOYOCOMMON\Autocad\Plotters\Plot Styles\TOYO細線ペン設定.ctb
 -> テンポラリファイル:C:\Users\sasahara\AppData\Local\Temp\XML_Control.GetFiles_dr2dzqo1.v4pとして取得成功
180701 ■ディレクトリ "C:\Users\sasahara\AppData\Roaming\Autodesk\AutoCAD Mechanical 2025\R25.0\jpn\Plotters\Plot Styles" は既に存在しています。処理を続けます
180701 ■ﾛｰｶﾙｻｲﾄﾞ:C:\Users\sasahara\AppData\Roaming\Autodesk\AutoCAD Mechanical 2025\R25.0\jpn\Plotters\Plot Styles\TOYO細線ペン設定.ctb を 上書きするモードです.既存ﾌｧｲﾙを削除しました
180701 ■テンポラリ:C:\Users\sasahara\AppData\Local\Temp\XML_Control.GetFiles_dr2dzqo1.v4p -> ﾛｰｶﾙｻｲﾄﾞ:C:\Users\sasahara\AppData\Roaming\Autodesk\AutoCAD Mechanical 2025\R25.0\jpn\Plotters\Plot Styles\TOYO細線ペン設定.ctb 移動成功
180701 ■コメント "[6.3] Plot Styles"
180701 ■ﾛｰｶﾙｻｲﾄﾞ:"%APPDATA%\Autodesk\AutoCAD Mechanical 2025\R25.0\jpn\Plotters\Plot Styles\LocalTiffPrinter.ctb"
180701 ■-> 環境変数展開後:"C:\Users\sasahara\AppData\Roaming\Autodesk\AutoCAD Mechanical 2025\R25.0\jpn\Plotters\Plot Styles\LocalTiffPrinter.ctb"
180701 ■ｻｰﾊﾞｰｻｲﾄﾞ:C:\ProgramData\TOYOCOMMON\Autocad\Plotters\Plot Styles\LocalTiffPrinter.ctb
 -> テンポラリファイル:C:\Users\sasahara\AppData\Local\Temp\XML_Control.GetFiles_j0fdr3cb.c05として取得成功
180701 ■ディレクトリ "C:\Users\sasahara\AppData\Roaming\Autodesk\AutoCAD Mechanical 2025\R25.0\jpn\Plotters\Plot Styles" は既に存在しています。処理を続けます
180701 ■ﾛｰｶﾙｻｲﾄﾞ:C:\Users\sasahara\AppData\Roaming\Autodesk\AutoCAD Mechanical 2025\R25.0\jpn\Plotters\Plot Styles\LocalTiffPrinter.ctb を 上書きするモードです.既存ﾌｧｲﾙを削除しました
180701 ■テンポラリ:C:\Users\sasahara\AppData\Local\Temp\XML_Control.GetFiles_j0fdr3cb.c05 -> ﾛｰｶﾙｻｲﾄﾞ:C:\Users\sasahara\AppData\Roaming\Autodesk\AutoCAD Mechanical 2025\R25.0\jpn\Plotters\Plot Styles\LocalTiffPrinter.ctb 移動成功
180701 ■コメント "[7.1] PMP Styles"
180701 ■ﾛｰｶﾙｻｲﾄﾞ:"%APPDATA%\Autodesk\AutoCAD Mechanical 2025\R25.0\jpn\Plotters\PMP Files\LocalTiffPrinter.pmp"
180701 ■-> 環境変数展開後:"C:\Users\sasahara\AppData\Roaming\Autodesk\AutoCAD Mechanical 2025\R25.0\jpn\Plotters\PMP Files\LocalTiffPrinter.pmp"
180701 ■ｻｰﾊﾞｰｻｲﾄﾞ:C:\ProgramData\TOYOCOMMON\Autocad\Plotters\PMP Files\LocalTiffPrinter.pmp
 -> テンポラリファイル:C:\Users\sasahara\AppData\Local\Temp\XML_Control.GetFiles_pfa14twx.3s1として取得成功
180701 ■ディレクトリ "C:\Users\sasahara\AppData\Roaming\Autodesk\AutoCAD Mechanical 2025\R25.0\jpn\Plotters\PMP Files" は既に存在しています。処理を続けます
180701 ■ﾛｰｶﾙｻｲﾄﾞ:C:\Users\sasahara\AppData\Roaming\Autodesk\AutoCAD Mechanical 2025\R25.0\jpn\Plotters\PMP Files\LocalTiffPrinter.pmp を 上書きするモードです.既存ﾌｧｲﾙを削除しました
180701 ■テンポラリ:C:\Users\sasahara\AppData\Local\Temp\XML_Control.GetFiles_pfa14twx.3s1 -> ﾛｰｶﾙｻｲﾄﾞ:C:\Users\sasahara\AppData\Roaming\Autodesk\AutoCAD Mechanical 2025\R25.0\jpn\Plotters\PMP Files\LocalTiffPrinter.pmp 移動成功
180701 ■コメント "[7.2] PMP Styles"
180701 ■ﾛｰｶﾙｻｲﾄﾞ:"%APPDATA%\Autodesk\AutoCAD Mechanical 2025\R25.0\jpn\Plotters\PMP Files\SPC830M.pmp"
180701 ■-> 環境変数展開後:"C:\Users\sasahara\AppData\Roaming\Autodesk\AutoCAD Mechanical 2025\R25.0\jpn\Plotters\PMP Files\SPC830M.pmp"
180701 ■ｻｰﾊﾞｰｻｲﾄﾞ:C:\ProgramData\TOYOCOMMON\Autocad\Plotters\PMP Files\SPC830M.pmp
 -> テンポラリファイル:C:\Users\sasahara\AppData\Local\Temp\XML_Control.GetFiles_wxjthc2a.0rzとして取得成功
180701 ■ディレクトリ "C:\Users\sasahara\AppData\Roaming\Autodesk\AutoCAD Mechanical 2025\R25.0\jpn\Plotters\PMP Files" は既に存在しています。処理を続けます
180701 ■ﾛｰｶﾙｻｲﾄﾞ:C:\Users\sasahara\AppData\Roaming\Autodesk\AutoCAD Mechanical 2025\R25.0\jpn\Plotters\PMP Files\SPC830M.pmp を 上書きするモードです.既存ﾌｧｲﾙを削除しました
180701 ■テンポラリ:C:\Users\sasahara\AppData\Local\Temp\XML_Control.GetFiles_wxjthc2a.0rz -> ﾛｰｶﾙｻｲﾄﾞ:C:\Users\sasahara\AppData\Roaming\Autodesk\AutoCAD Mechanical 2025\R25.0\jpn\Plotters\PMP Files\SPC830M.pmp 移動成功
180701 ■コメント "[7.3] PMP Styles"
180701 ■ﾛｰｶﾙｻｲﾄﾞ:"%APPDATA%\Autodesk\AutoCAD Mechanical 2025\R25.0\jpn\Plotters\PMP Files\DocuWide 6055.pmp"
180701 ■-> 環境変数展開後:"C:\Users\sasahara\AppData\Roaming\Autodesk\AutoCAD Mechanical 2025\R25.0\jpn\Plotters\PMP Files\DocuWide 6055.pmp"
180701 ■ｻｰﾊﾞｰｻｲﾄﾞ:C:\ProgramData\TOYOCOMMON\Autocad\Plotters\PMP Files\DocuWide 6055.pmp
 -> テンポラリファイル:C:\Users\sasahara\AppData\Local\Temp\XML_Control.GetFiles_i3dijt2v.inaとして取得成功
180701 ■ディレクトリ "C:\Users\sasahara\AppData\Roaming\Autodesk\AutoCAD Mechanical 2025\R25.0\jpn\Plotters\PMP Files" は既に存在しています。処理を続けます
180701 ■ﾛｰｶﾙｻｲﾄﾞ:C:\Users\sasahara\AppData\Roaming\Autodesk\AutoCAD Mechanical 2025\R25.0\jpn\Plotters\PMP Files\DocuWide 6055.pmp を 上書きするモードです.既存ﾌｧｲﾙを削除しました
180701 ■テンポラリ:C:\Users\sasahara\AppData\Local\Temp\XML_Control.GetFiles_i3dijt2v.ina -> ﾛｰｶﾙｻｲﾄﾞ:C:\Users\sasahara\AppData\Roaming\Autodesk\AutoCAD Mechanical 2025\R25.0\jpn\Plotters\PMP Files\DocuWide 6055.pmp 移動成功
180701 ■ファイル取得指示の結果はTrueでした。
180701 ■Addin追加指令を実行しました。元のファイルは 履歴ﾌｧｲﾙ "C:\Users\sasahara\source\repos\SasaLibDNet8\SasaLibDNet8.SysConfigurator\スタンドアロンAutoCAD設定インストール\AM2025テンプレート・図枠・表題欄など取得.Conf_2022-09-02_000000.Applied" として保存しました
180701 ■Addin追加ｺﾝﾄﾛｰﾙﾌｧｲﾙ 処理を終了します
181305 
181305 ■ファイル取得指示が 26 件あります。
181305 ■コメント "[1.1]テンプレートファイル"
181305 ■ﾛｰｶﾙｻｲﾄﾞ:"%LOCALAPPDATA%\Autodesk\AutoCAD Mechanical 2025\R24.1\jpn\Acadm\Template\am_JIS-TOYO.dwt"
181305 ■-> 環境変数展開後:"C:\Users\sasahara\AppData\Local\Autodesk\AutoCAD Mechanical 2025\R24.1\jpn\Acadm\Template\am_JIS-TOYO.dwt"
181305 ■ｻｰﾊﾞｰｻｲﾄﾞ:C:\ProgramData\TOYOCOMMON\Autocad\Template\am2025_JIS-TOYO.dwt
 -> テンポラリファイル:C:\Users\sasahara\AppData\Local\Temp\XML_Control.GetFiles_zhikbwf4.hnpとして取得成功
181305 ■ディレクトリ "C:\Users\sasahara\AppData\Local\Autodesk\AutoCAD Mechanical 2025\R24.1\jpn\Acadm\Template" は既に存在しています。処理を続けます
181305 ■テンポラリ:C:\Users\sasahara\AppData\Local\Temp\XML_Control.GetFiles_zhikbwf4.hnp -> ﾛｰｶﾙｻｲﾄﾞ:C:\Users\sasahara\AppData\Local\Autodesk\AutoCAD Mechanical 2025\R24.1\jpn\Acadm\Template\am_JIS-TOYO.dwt 移動成功
181305 ■コメント "[1.2]テンプレートファイル TOYO-PageSetUP.dwt"
181305 ■ﾛｰｶﾙｻｲﾄﾞ:"%LOCALAPPDATA%\Autodesk\AutoCAD Mechanical 2025\R25.0\jpn\Acadm\Template\TOYO-PageSetUP.dwt"
181305 ■-> 環境変数展開後:"C:\Users\sasahara\AppData\Local\Autodesk\AutoCAD Mechanical 2025\R25.0\jpn\Acadm\Template\TOYO-PageSetUP.dwt"
181305 ■ｻｰﾊﾞｰｻｲﾄﾞ:C:\ProgramData\TOYOCOMMON\Autocad\Template\am2025_TOYO-PageSetUP.dwt
 -> テンポラリファイル:C:\Users\sasahara\AppData\Local\Temp\XML_Control.GetFiles_gtzo5d44.b2xとして取得成功
181305 ■ディレクトリ "C:\Users\sasahara\AppData\Local\Autodesk\AutoCAD Mechanical 2025\R25.0\jpn\Acadm\Template" は既に存在しています。処理を続けます
181305 ■ﾛｰｶﾙｻｲﾄﾞ:C:\Users\sasahara\AppData\Local\Autodesk\AutoCAD Mechanical 2025\R25.0\jpn\Acadm\Template\TOYO-PageSetUP.dwt を 上書きするモードです.既存ﾌｧｲﾙを削除しました
181305 ■テンポラリ:C:\Users\sasahara\AppData\Local\Temp\XML_Control.GetFiles_gtzo5d44.b2x -> ﾛｰｶﾙｻｲﾄﾞ:C:\Users\sasahara\AppData\Local\Autodesk\AutoCAD Mechanical 2025\R25.0\jpn\Acadm\Template\TOYO-PageSetUP.dwt 移動成功
181305 ■コメント "[1.3]テンプレートファイル am2025_トレサビリティマトリックス説明図用.dwt"
181305 ■ﾛｰｶﾙｻｲﾄﾞ:"%LOCALAPPDATA%\Autodesk\AutoCAD Mechanical 2025\R25.0\jpn\Acadm\Template\am2025_トレサビリティマトリックス説明図用.dwt"
181305 ■-> 環境変数展開後:"C:\Users\sasahara\AppData\Local\Autodesk\AutoCAD Mechanical 2025\R25.0\jpn\Acadm\Template\am2025_トレサビリティマトリックス説明図用.dwt"
181305 ■ｻｰﾊﾞｰｻｲﾄﾞ:C:\ProgramData\TOYOCOMMON\Autocad\Template\am2025_トレサビリティマトリックス説明図用.dwt
 -> テンポラリファイル:C:\Users\sasahara\AppData\Local\Temp\XML_Control.GetFiles_zzlkmpeg.1uzとして取得成功
181305 ■ディレクトリ "C:\Users\sasahara\AppData\Local\Autodesk\AutoCAD Mechanical 2025\R25.0\jpn\Acadm\Template" は既に存在しています。処理を続けます
181305 ■ﾛｰｶﾙｻｲﾄﾞ:C:\Users\sasahara\AppData\Local\Autodesk\AutoCAD Mechanical 2025\R25.0\jpn\Acadm\Template\am2025_トレサビリティマトリックス説明図用.dwt を 上書きするモードです.既存ﾌｧｲﾙを削除しました
181305 ■テンポラリ:C:\Users\sasahara\AppData\Local\Temp\XML_Control.GetFiles_zzlkmpeg.1uz -> ﾛｰｶﾙｻｲﾄﾞ:C:\Users\sasahara\AppData\Local\Autodesk\AutoCAD Mechanical 2025\R25.0\jpn\Acadm\Template\am2025_トレサビリティマトリックス説明図用.dwt 移動成功
181305 ■コメント "[2.1]部品図用表題欄"
181305 ■ﾛｰｶﾙｻｲﾄﾞ:"%PUBLIC%\Documents\Autodesk\AutoCAD Mechanical 2025\Acadm\Gen\Dwg\Title\TOYO\TOYO-TYPE A.dwg"
181305 ■-> 環境変数展開後:"C:\Users\Public\Documents\Autodesk\AutoCAD Mechanical 2025\Acadm\Gen\Dwg\Title\TOYO\TOYO-TYPE A.dwg"
181305 ■ｻｰﾊﾞｰｻｲﾄﾞ:C:\ProgramData\TOYOCOMMON\Autocad\TITLE\Title_2025_TOYO-TYPE A.dwg
 -> テンポラリファイル:C:\Users\sasahara\AppData\Local\Temp\XML_Control.GetFiles_tfthf5ba.me4として取得成功
181305 ■ディレクトリ "C:\Users\Public\Documents\Autodesk\AutoCAD Mechanical 2025\Acadm\Gen\Dwg\Title\TOYO" が無いため作成しました。処理を続けます
181305 ■テンポラリ:C:\Users\sasahara\AppData\Local\Temp\XML_Control.GetFiles_tfthf5ba.me4 -> ﾛｰｶﾙｻｲﾄﾞ:C:\Users\Public\Documents\Autodesk\AutoCAD Mechanical 2025\Acadm\Gen\Dwg\Title\TOYO\TOYO-TYPE A.dwg 移動成功
181305 ■コメント "[2.2]組立図レイアウト図用表題欄"
181305 ■ﾛｰｶﾙｻｲﾄﾞ:"%PUBLIC%\Documents\Autodesk\AutoCAD Mechanical 2025\Acadm\Gen\Dwg\Title\TOYO\TOYO-TYPE B.dwg"
181305 ■-> 環境変数展開後:"C:\Users\Public\Documents\Autodesk\AutoCAD Mechanical 2025\Acadm\Gen\Dwg\Title\TOYO\TOYO-TYPE B.dwg"
181305 ■ｻｰﾊﾞｰｻｲﾄﾞ:C:\ProgramData\TOYOCOMMON\Autocad\TITLE\Title_2025_TOYO-TYPE B.dwg
 -> テンポラリファイル:C:\Users\sasahara\AppData\Local\Temp\XML_Control.GetFiles_unyzfku4.kqjとして取得成功
181305 ■ディレクトリ "C:\Users\Public\Documents\Autodesk\AutoCAD Mechanical 2025\Acadm\Gen\Dwg\Title\TOYO" は既に存在しています。処理を続けます
181305 ■テンポラリ:C:\Users\sasahara\AppData\Local\Temp\XML_Control.GetFiles_unyzfku4.kqj -> ﾛｰｶﾙｻｲﾄﾞ:C:\Users\Public\Documents\Autodesk\AutoCAD Mechanical 2025\Acadm\Gen\Dwg\Title\TOYO\TOYO-TYPE B.dwg 移動成功
181305 ■コメント "[2.3]テーブル部品図用表題欄"
181305 ■ﾛｰｶﾙｻｲﾄﾞ:"%PUBLIC%\Documents\Autodesk\AutoCAD Mechanical 2025\Acadm\Gen\Dwg\Title\TOYO\TOYO-TYPE-テーブル.dwg"
181305 ■-> 環境変数展開後:"C:\Users\Public\Documents\Autodesk\AutoCAD Mechanical 2025\Acadm\Gen\Dwg\Title\TOYO\TOYO-TYPE-テーブル.dwg"
181305 ■ｻｰﾊﾞｰｻｲﾄﾞ:C:\ProgramData\TOYOCOMMON\Autocad\TITLE\Title_2025_TOYO-TYPE-テーブル.dwg
 -> テンポラリファイル:C:\Users\sasahara\AppData\Local\Temp\XML_Control.GetFiles_fd2euj0w.nsgとして取得成功
181305 ■ディレクトリ "C:\Users\Public\Documents\Autodesk\AutoCAD Mechanical 2025\Acadm\Gen\Dwg\Title\TOYO" は既に存在しています。処理を続けます
181305 ■テンポラリ:C:\Users\sasahara\AppData\Local\Temp\XML_Control.GetFiles_fd2euj0w.nsg -> ﾛｰｶﾙｻｲﾄﾞ:C:\Users\Public\Documents\Autodesk\AutoCAD Mechanical 2025\Acadm\Gen\Dwg\Title\TOYO\TOYO-TYPE-テーブル.dwg 移動成功
181305 ■コメント "[2.4]薄板部品図用表題欄"
181305 ■ﾛｰｶﾙｻｲﾄﾞ:"%PUBLIC%\Documents\Autodesk\AutoCAD Mechanical 2025\Acadm\Gen\Dwg\Title\TOYO\TOYO-TYPE-薄板.dwg"
181305 ■-> 環境変数展開後:"C:\Users\Public\Documents\Autodesk\AutoCAD Mechanical 2025\Acadm\Gen\Dwg\Title\TOYO\TOYO-TYPE-薄板.dwg"
181305 ■ｻｰﾊﾞｰｻｲﾄﾞ:C:\ProgramData\TOYOCOMMON\Autocad\TITLE\Title_2025_TOYO-TYPE-薄板.dwg
 -> テンポラリファイル:C:\Users\sasahara\AppData\Local\Temp\XML_Control.GetFiles_wszgdgvz.d1mとして取得成功
181305 ■ディレクトリ "C:\Users\Public\Documents\Autodesk\AutoCAD Mechanical 2025\Acadm\Gen\Dwg\Title\TOYO" は既に存在しています。処理を続けます
181305 ■テンポラリ:C:\Users\sasahara\AppData\Local\Temp\XML_Control.GetFiles_wszgdgvz.d1m -> ﾛｰｶﾙｻｲﾄﾞ:C:\Users\Public\Documents\Autodesk\AutoCAD Mechanical 2025\Acadm\Gen\Dwg\Title\TOYO\TOYO-TYPE-薄板.dwg 移動成功
181305 ■コメント "[3.1]図面シートフォーマット 組立・レイアウト図用 A0横"
181305 ■ﾛｰｶﾙｻｲﾄﾞ:"%PUBLIC%\Documents\Autodesk\AutoCAD Mechanical 2025\Acadm\Gen\Dwg\Format\TOYO\TOYO-A0L-ASSY.dwg"
181305 ■-> 環境変数展開後:"C:\Users\Public\Documents\Autodesk\AutoCAD Mechanical 2025\Acadm\Gen\Dwg\Format\TOYO\TOYO-A0L-ASSY.dwg"
181305 ■ｻｰﾊﾞｰｻｲﾄﾞ:C:\ProgramData\TOYOCOMMON\Autocad\Format\Format_2025_TOYO-A0L-ASSY.dwg
 -> テンポラリファイル:C:\Users\sasahara\AppData\Local\Temp\XML_Control.GetFiles_2mg1qkq2.dv5として取得成功
181305 ■ディレクトリ "C:\Users\Public\Documents\Autodesk\AutoCAD Mechanical 2025\Acadm\Gen\Dwg\Format\TOYO" は既に存在しています。処理を続けます
181305 ■ﾛｰｶﾙｻｲﾄﾞ:C:\Users\Public\Documents\Autodesk\AutoCAD Mechanical 2025\Acadm\Gen\Dwg\Format\TOYO\TOYO-A0L-ASSY.dwg を 上書きするモードです.既存ﾌｧｲﾙを削除しました
181305 ■テンポラリ:C:\Users\sasahara\AppData\Local\Temp\XML_Control.GetFiles_2mg1qkq2.dv5 -> ﾛｰｶﾙｻｲﾄﾞ:C:\Users\Public\Documents\Autodesk\AutoCAD Mechanical 2025\Acadm\Gen\Dwg\Format\TOYO\TOYO-A0L-ASSY.dwg 移動成功
181305 ■コメント "[3.2]図面シートフォーマット 部品図用 A0横"
181305 ■ﾛｰｶﾙｻｲﾄﾞ:"%PUBLIC%\Documents\Autodesk\AutoCAD Mechanical 2025\Acadm\Gen\Dwg\Format\TOYO\TOYO-A0L-PARTS.dwg"
181305 ■-> 環境変数展開後:"C:\Users\Public\Documents\Autodesk\AutoCAD Mechanical 2025\Acadm\Gen\Dwg\Format\TOYO\TOYO-A0L-PARTS.dwg"
181305 ■ｻｰﾊﾞｰｻｲﾄﾞ:C:\ProgramData\TOYOCOMMON\Autocad\Format\Format_2025_TOYO-A0L-PARTS.dwg
 -> テンポラリファイル:C:\Users\sasahara\AppData\Local\Temp\XML_Control.GetFiles_u4mtndnu.vqbとして取得成功
181305 ■ディレクトリ "C:\Users\Public\Documents\Autodesk\AutoCAD Mechanical 2025\Acadm\Gen\Dwg\Format\TOYO" は既に存在しています。処理を続けます
181305 ■ﾛｰｶﾙｻｲﾄﾞ:C:\Users\Public\Documents\Autodesk\AutoCAD Mechanical 2025\Acadm\Gen\Dwg\Format\TOYO\TOYO-A0L-PARTS.dwg を 上書きするモードです.既存ﾌｧｲﾙを削除しました
181305 ■テンポラリ:C:\Users\sasahara\AppData\Local\Temp\XML_Control.GetFiles_u4mtndnu.vqb -> ﾛｰｶﾙｻｲﾄﾞ:C:\Users\Public\Documents\Autodesk\AutoCAD Mechanical 2025\Acadm\Gen\Dwg\Format\TOYO\TOYO-A0L-PARTS.dwg 移動成功
181305 ■コメント "[3.3]図面シートフォーマット 組立・レイアウト図用 A1横"
181305 ■ﾛｰｶﾙｻｲﾄﾞ:"%PUBLIC%\Documents\Autodesk\AutoCAD Mechanical 2025\Acadm\Gen\Dwg\Format\TOYO\TOYO-A1L-ASSY.dwg"
181305 ■-> 環境変数展開後:"C:\Users\Public\Documents\Autodesk\AutoCAD Mechanical 2025\Acadm\Gen\Dwg\Format\TOYO\TOYO-A1L-ASSY.dwg"
181305 ■ｻｰﾊﾞｰｻｲﾄﾞ:C:\ProgramData\TOYOCOMMON\Autocad\Format\Format_2025_TOYO-A1L-ASSY.dwg
 -> テンポラリファイル:C:\Users\sasahara\AppData\Local\Temp\XML_Control.GetFiles_1kv0v3a3.mfgとして取得成功
181305 ■ディレクトリ "C:\Users\Public\Documents\Autodesk\AutoCAD Mechanical 2025\Acadm\Gen\Dwg\Format\TOYO" は既に存在しています。処理を続けます
181305 ■ﾛｰｶﾙｻｲﾄﾞ:C:\Users\Public\Documents\Autodesk\AutoCAD Mechanical 2025\Acadm\Gen\Dwg\Format\TOYO\TOYO-A1L-ASSY.dwg を 上書きするモードです.既存ﾌｧｲﾙを削除しました
181305 ■テンポラリ:C:\Users\sasahara\AppData\Local\Temp\XML_Control.GetFiles_1kv0v3a3.mfg -> ﾛｰｶﾙｻｲﾄﾞ:C:\Users\Public\Documents\Autodesk\AutoCAD Mechanical 2025\Acadm\Gen\Dwg\Format\TOYO\TOYO-A1L-ASSY.dwg 移動成功
181305 ■コメント "[3.4]図面シートフォーマット 部品図用 A1横"
181305 ■ﾛｰｶﾙｻｲﾄﾞ:"%PUBLIC%\Documents\Autodesk\AutoCAD Mechanical 2025\Acadm\Gen\Dwg\Format\TOYO\TOYO-A1L-PARTS.dwg"
181305 ■-> 環境変数展開後:"C:\Users\Public\Documents\Autodesk\AutoCAD Mechanical 2025\Acadm\Gen\Dwg\Format\TOYO\TOYO-A1L-PARTS.dwg"
181305 ■ｻｰﾊﾞｰｻｲﾄﾞ:C:\ProgramData\TOYOCOMMON\Autocad\Format\Format_2025_TOYO-A1L-PARTS.dwg
 -> テンポラリファイル:C:\Users\sasahara\AppData\Local\Temp\XML_Control.GetFiles_egncis3o.slmとして取得成功
181305 ■ディレクトリ "C:\Users\Public\Documents\Autodesk\AutoCAD Mechanical 2025\Acadm\Gen\Dwg\Format\TOYO" は既に存在しています。処理を続けます
181305 ■ﾛｰｶﾙｻｲﾄﾞ:C:\Users\Public\Documents\Autodesk\AutoCAD Mechanical 2025\Acadm\Gen\Dwg\Format\TOYO\TOYO-A1L-PARTS.dwg を 上書きするモードです.既存ﾌｧｲﾙを削除しました
181305 ■テンポラリ:C:\Users\sasahara\AppData\Local\Temp\XML_Control.GetFiles_egncis3o.slm -> ﾛｰｶﾙｻｲﾄﾞ:C:\Users\Public\Documents\Autodesk\AutoCAD Mechanical 2025\Acadm\Gen\Dwg\Format\TOYO\TOYO-A1L-PARTS.dwg 移動成功
181305 ■コメント "[3.5]図面シートフォーマット 組立・レイアウト図用 A2横"
181305 ■ﾛｰｶﾙｻｲﾄﾞ:"%PUBLIC%\Documents\Autodesk\AutoCAD Mechanical 2025\Acadm\Gen\Dwg\Format\TOYO\TOYO-A2L-ASSY.dwg"
181305 ■-> 環境変数展開後:"C:\Users\Public\Documents\Autodesk\AutoCAD Mechanical 2025\Acadm\Gen\Dwg\Format\TOYO\TOYO-A2L-ASSY.dwg"
181305 ■ｻｰﾊﾞｰｻｲﾄﾞ:C:\ProgramData\TOYOCOMMON\Autocad\Format\Format_2025_TOYO-A2L-ASSY.dwg
 -> テンポラリファイル:C:\Users\sasahara\AppData\Local\Temp\XML_Control.GetFiles_uyf4vfmt.sxxとして取得成功
181305 ■ディレクトリ "C:\Users\Public\Documents\Autodesk\AutoCAD Mechanical 2025\Acadm\Gen\Dwg\Format\TOYO" は既に存在しています。処理を続けます
181305 ■ﾛｰｶﾙｻｲﾄﾞ:C:\Users\Public\Documents\Autodesk\AutoCAD Mechanical 2025\Acadm\Gen\Dwg\Format\TOYO\TOYO-A2L-ASSY.dwg を 上書きするモードです.既存ﾌｧｲﾙを削除しました
181305 ■テンポラリ:C:\Users\sasahara\AppData\Local\Temp\XML_Control.GetFiles_uyf4vfmt.sxx -> ﾛｰｶﾙｻｲﾄﾞ:C:\Users\Public\Documents\Autodesk\AutoCAD Mechanical 2025\Acadm\Gen\Dwg\Format\TOYO\TOYO-A2L-ASSY.dwg 移動成功
181305 ■コメント "[3.6]図面シートフォーマット 部品図用 A2横"
181305 ■ﾛｰｶﾙｻｲﾄﾞ:"%PUBLIC%\Documents\Autodesk\AutoCAD Mechanical 2025\Acadm\Gen\Dwg\Format\TOYO\TOYO-A2L-PARTS.dwg"
181305 ■-> 環境変数展開後:"C:\Users\Public\Documents\Autodesk\AutoCAD Mechanical 2025\Acadm\Gen\Dwg\Format\TOYO\TOYO-A2L-PARTS.dwg"
181305 ■ｻｰﾊﾞｰｻｲﾄﾞ:C:\ProgramData\TOYOCOMMON\Autocad\Format\Format_2025_TOYO-A2L-PARTS.dwg
 -> テンポラリファイル:C:\Users\sasahara\AppData\Local\Temp\XML_Control.GetFiles_joegdjre.epvとして取得成功
181305 ■ディレクトリ "C:\Users\Public\Documents\Autodesk\AutoCAD Mechanical 2025\Acadm\Gen\Dwg\Format\TOYO" は既に存在しています。処理を続けます
181305 ■ﾛｰｶﾙｻｲﾄﾞ:C:\Users\Public\Documents\Autodesk\AutoCAD Mechanical 2025\Acadm\Gen\Dwg\Format\TOYO\TOYO-A2L-PARTS.dwg を 上書きするモードです.既存ﾌｧｲﾙを削除しました
181305 ■テンポラリ:C:\Users\sasahara\AppData\Local\Temp\XML_Control.GetFiles_joegdjre.epv -> ﾛｰｶﾙｻｲﾄﾞ:C:\Users\Public\Documents\Autodesk\AutoCAD Mechanical 2025\Acadm\Gen\Dwg\Format\TOYO\TOYO-A2L-PARTS.dwg 移動成功
181305 ■コメント "[3.7]図面シートフォーマット 組立・レイアウト図用 A3横"
181305 ■ﾛｰｶﾙｻｲﾄﾞ:"%PUBLIC%\Documents\Autodesk\AutoCAD Mechanical 2025\Acadm\Gen\Dwg\Format\TOYO\TOYO-A3L-ASSY.dwg"
181305 ■-> 環境変数展開後:"C:\Users\Public\Documents\Autodesk\AutoCAD Mechanical 2025\Acadm\Gen\Dwg\Format\TOYO\TOYO-A3L-ASSY.dwg"
181305 ■ｻｰﾊﾞｰｻｲﾄﾞ:C:\ProgramData\TOYOCOMMON\Autocad\Format\Format_2025_TOYO-A3L-ASSY.dwg
 -> テンポラリファイル:C:\Users\sasahara\AppData\Local\Temp\XML_Control.GetFiles_peoducyq.fyzとして取得成功
181305 ■ディレクトリ "C:\Users\Public\Documents\Autodesk\AutoCAD Mechanical 2025\Acadm\Gen\Dwg\Format\TOYO" は既に存在しています。処理を続けます
181305 ■ﾛｰｶﾙｻｲﾄﾞ:C:\Users\Public\Documents\Autodesk\AutoCAD Mechanical 2025\Acadm\Gen\Dwg\Format\TOYO\TOYO-A3L-ASSY.dwg を 上書きするモードです.既存ﾌｧｲﾙを削除しました
181305 ■テンポラリ:C:\Users\sasahara\AppData\Local\Temp\XML_Control.GetFiles_peoducyq.fyz -> ﾛｰｶﾙｻｲﾄﾞ:C:\Users\Public\Documents\Autodesk\AutoCAD Mechanical 2025\Acadm\Gen\Dwg\Format\TOYO\TOYO-A3L-ASSY.dwg 移動成功
181305 ■コメント "[3.8]図面シートフォーマット 部品図用 A3横"
181305 ■ﾛｰｶﾙｻｲﾄﾞ:"%PUBLIC%\Documents\Autodesk\AutoCAD Mechanical 2025\Acadm\Gen\Dwg\Format\TOYO\TOYO-A3L-PARTS.dwg"
181305 ■-> 環境変数展開後:"C:\Users\Public\Documents\Autodesk\AutoCAD Mechanical 2025\Acadm\Gen\Dwg\Format\TOYO\TOYO-A3L-PARTS.dwg"
181305 ※ｻｰﾊﾞｰｻｲﾄﾞ:C:\ProgramData\TOYOCOMMON\Autocad\Format\Format_2025_TOYO-A3L-PARTS.dwg -> テンポラリ:C:\Users\sasahara\AppData\Local\Temp\XML_Control.GetFiles_dhrdfxel.jd0 取得失敗(2)。処理を続けられませんスキップします
181305 ■コメント "[3.9]図面シートフォーマット 組立・レイアウト図用 A4縦"
181305 ■ﾛｰｶﾙｻｲﾄﾞ:"%PUBLIC%\Documents\Autodesk\AutoCAD Mechanical 2025\Acadm\Gen\Dwg\Format\TOYO\TOYO-A4R-ASSY.dwg"
181305 ■-> 環境変数展開後:"C:\Users\Public\Documents\Autodesk\AutoCAD Mechanical 2025\Acadm\Gen\Dwg\Format\TOYO\TOYO-A4R-ASSY.dwg"
181305 ※ｻｰﾊﾞｰｻｲﾄﾞ:C:\ProgramData\TOYOCOMMON\Autocad\Format\Format_2025_TOYO-A4R-ASSY.dwg -> テンポラリ:C:\Users\sasahara\AppData\Local\Temp\XML_Control.GetFiles_o2omg5ti.3ui 取得失敗(2)。処理を続けられませんスキップします
181305 ■コメント "[3.10]図面シートフォーマット 部品図用 A4縦"
181305 ■ﾛｰｶﾙｻｲﾄﾞ:"%PUBLIC%\Documents\Autodesk\AutoCAD Mechanical 2025\Acadm\Gen\Dwg\Format\TOYO\TOYO-A4R-PARTS.dwg"
181305 ■-> 環境変数展開後:"C:\Users\Public\Documents\Autodesk\AutoCAD Mechanical 2025\Acadm\Gen\Dwg\Format\TOYO\TOYO-A4R-PARTS.dwg"
181305 ※ｻｰﾊﾞｰｻｲﾄﾞ:C:\ProgramData\TOYOCOMMON\Autocad\Format\Format_2025_TOYO-A4R-PARTS.dwg -> テンポラリ:C:\Users\sasahara\AppData\Local\Temp\XML_Control.GetFiles_pouerjui.u0f 取得失敗(2)。処理を続けられませんスキップします
181305 ■コメント "[4.1]ﾘﾋﾞｼﾞｮﾝテーブル"
181305 ■ﾛｰｶﾙｻｲﾄﾞ:"%PUBLIC%\Documents\Autodesk\AutoCAD Mechanical 2025\Acadm\Gen\Dwg\Revisionlist\TOYO\TOYO_REVLIST.dwg"
181305 ■-> 環境変数展開後:"C:\Users\Public\Documents\Autodesk\AutoCAD Mechanical 2025\Acadm\Gen\Dwg\Revisionlist\TOYO\TOYO_REVLIST.dwg"
181305 ■ｻｰﾊﾞｰｻｲﾄﾞ:C:\ProgramData\TOYOCOMMON\Autocad\Revisionlist\Revisionlist_2025_TOYO_REVLIST.dwg
 -> テンポラリファイル:C:\Users\sasahara\AppData\Local\Temp\XML_Control.GetFiles_ocew0coh.5yhとして取得成功
181305 ■ディレクトリ "C:\Users\Public\Documents\Autodesk\AutoCAD Mechanical 2025\Acadm\Gen\Dwg\Revisionlist\TOYO" は既に存在しています。処理を続けます
181305 ■ﾛｰｶﾙｻｲﾄﾞ:C:\Users\Public\Documents\Autodesk\AutoCAD Mechanical 2025\Acadm\Gen\Dwg\Revisionlist\TOYO\TOYO_REVLIST.dwg を 上書きするモードです.既存ﾌｧｲﾙを削除しました
181305 ■テンポラリ:C:\Users\sasahara\AppData\Local\Temp\XML_Control.GetFiles_ocew0coh.5yh -> ﾛｰｶﾙｻｲﾄﾞ:C:\Users\Public\Documents\Autodesk\AutoCAD Mechanical 2025\Acadm\Gen\Dwg\Revisionlist\TOYO\TOYO_REVLIST.dwg 移動成功
181305 ■コメント "[5.1] PC3 Files"
181305 ■ﾛｰｶﾙｻｲﾄﾞ:"%APPDATA%\Autodesk\AutoCAD Mechanical 2025\R25.0\jpn\Plotters\LocalTiffPrinter.pc3"
181305 ■-> 環境変数展開後:"C:\Users\sasahara\AppData\Roaming\Autodesk\AutoCAD Mechanical 2025\R25.0\jpn\Plotters\LocalTiffPrinter.pc3"
181305 ■ｻｰﾊﾞｰｻｲﾄﾞ:C:\ProgramData\TOYOCOMMON\Autocad\Plotters\LocalTiffPrinter.pc3
 -> テンポラリファイル:C:\Users\sasahara\AppData\Local\Temp\XML_Control.GetFiles_rvuio1rb.kwsとして取得成功
181305 ■ディレクトリ "C:\Users\sasahara\AppData\Roaming\Autodesk\AutoCAD Mechanical 2025\R25.0\jpn\Plotters" は既に存在しています。処理を続けます
181305 ■ﾛｰｶﾙｻｲﾄﾞ:C:\Users\sasahara\AppData\Roaming\Autodesk\AutoCAD Mechanical 2025\R25.0\jpn\Plotters\LocalTiffPrinter.pc3 を 上書きするモードです.既存ﾌｧｲﾙを削除しました
181305 ■テンポラリ:C:\Users\sasahara\AppData\Local\Temp\XML_Control.GetFiles_rvuio1rb.kws -> ﾛｰｶﾙｻｲﾄﾞ:C:\Users\sasahara\AppData\Roaming\Autodesk\AutoCAD Mechanical 2025\R25.0\jpn\Plotters\LocalTiffPrinter.pc3 移動成功
181305 ■コメント "[5.2] PC3 Files"
181305 ■ﾛｰｶﾙｻｲﾄﾞ:"%APPDATA%\Autodesk\AutoCAD Mechanical 2025\R25.0\jpn\Plotters\AutoCAD (A0-A4) DocuWide 6055.pc3"
181305 ■-> 環境変数展開後:"C:\Users\sasahara\AppData\Roaming\Autodesk\AutoCAD Mechanical 2025\R25.0\jpn\Plotters\AutoCAD (A0-A4) DocuWide 6055.pc3"
181305 ■ｻｰﾊﾞｰｻｲﾄﾞ:C:\ProgramData\TOYOCOMMON\Autocad\Plotters\AutoCAD (A0-A4) DocuWide 6055.pc3
 -> テンポラリファイル:C:\Users\sasahara\AppData\Local\Temp\XML_Control.GetFiles_py3uw0kh.o4hとして取得成功
181305 ■ディレクトリ "C:\Users\sasahara\AppData\Roaming\Autodesk\AutoCAD Mechanical 2025\R25.0\jpn\Plotters" は既に存在しています。処理を続けます
181305 ■ﾛｰｶﾙｻｲﾄﾞ:C:\Users\sasahara\AppData\Roaming\Autodesk\AutoCAD Mechanical 2025\R25.0\jpn\Plotters\AutoCAD (A0-A4) DocuWide 6055.pc3 を 上書きするモードです.既存ﾌｧｲﾙを削除しました
181305 ■テンポラリ:C:\Users\sasahara\AppData\Local\Temp\XML_Control.GetFiles_py3uw0kh.o4h -> ﾛｰｶﾙｻｲﾄﾞ:C:\Users\sasahara\AppData\Roaming\Autodesk\AutoCAD Mechanical 2025\R25.0\jpn\Plotters\AutoCAD (A0-A4) DocuWide 6055.pc3 移動成功
181305 ■コメント "[6.1] Plot Styles"
181305 ■ﾛｰｶﾙｻｲﾄﾞ:"%APPDATA%\Autodesk\AutoCAD Mechanical 2025\R25.0\jpn\Plotters\Plot Styles\TOYO標準ペン設定.ctb"
181305 ■-> 環境変数展開後:"C:\Users\sasahara\AppData\Roaming\Autodesk\AutoCAD Mechanical 2025\R25.0\jpn\Plotters\Plot Styles\TOYO標準ペン設定.ctb"
181305 ■ｻｰﾊﾞｰｻｲﾄﾞ:C:\ProgramData\TOYOCOMMON\Autocad\Plotters\Plot Styles\TOYO標準ペン設定.ctb
 -> テンポラリファイル:C:\Users\sasahara\AppData\Local\Temp\XML_Control.GetFiles_ggmbxh5f.kymとして取得成功
181305 ■ディレクトリ "C:\Users\sasahara\AppData\Roaming\Autodesk\AutoCAD Mechanical 2025\R25.0\jpn\Plotters\Plot Styles" は既に存在しています。処理を続けます
181305 ■ﾛｰｶﾙｻｲﾄﾞ:C:\Users\sasahara\AppData\Roaming\Autodesk\AutoCAD Mechanical 2025\R25.0\jpn\Plotters\Plot Styles\TOYO標準ペン設定.ctb を 上書きするモードです.既存ﾌｧｲﾙを削除しました
181305 ■テンポラリ:C:\Users\sasahara\AppData\Local\Temp\XML_Control.GetFiles_ggmbxh5f.kym -> ﾛｰｶﾙｻｲﾄﾞ:C:\Users\sasahara\AppData\Roaming\Autodesk\AutoCAD Mechanical 2025\R25.0\jpn\Plotters\Plot Styles\TOYO標準ペン設定.ctb 移動成功
181305 ■コメント "[6.2] Plot Styles"
181305 ■ﾛｰｶﾙｻｲﾄﾞ:"%APPDATA%\Autodesk\AutoCAD Mechanical 2025\R25.0\jpn\Plotters\Plot Styles\TOYO細線ペン設定.ctb"
181305 ■-> 環境変数展開後:"C:\Users\sasahara\AppData\Roaming\Autodesk\AutoCAD Mechanical 2025\R25.0\jpn\Plotters\Plot Styles\TOYO細線ペン設定.ctb"
181305 ■ｻｰﾊﾞｰｻｲﾄﾞ:C:\ProgramData\TOYOCOMMON\Autocad\Plotters\Plot Styles\TOYO細線ペン設定.ctb
 -> テンポラリファイル:C:\Users\sasahara\AppData\Local\Temp\XML_Control.GetFiles_fnz2qkps.nhaとして取得成功
181305 ■ディレクトリ "C:\Users\sasahara\AppData\Roaming\Autodesk\AutoCAD Mechanical 2025\R25.0\jpn\Plotters\Plot Styles" は既に存在しています。処理を続けます
181305 ■ﾛｰｶﾙｻｲﾄﾞ:C:\Users\sasahara\AppData\Roaming\Autodesk\AutoCAD Mechanical 2025\R25.0\jpn\Plotters\Plot Styles\TOYO細線ペン設定.ctb を 上書きするモードです.既存ﾌｧｲﾙを削除しました
181305 ■テンポラリ:C:\Users\sasahara\AppData\Local\Temp\XML_Control.GetFiles_fnz2qkps.nha -> ﾛｰｶﾙｻｲﾄﾞ:C:\Users\sasahara\AppData\Roaming\Autodesk\AutoCAD Mechanical 2025\R25.0\jpn\Plotters\Plot Styles\TOYO細線ペン設定.ctb 移動成功
181305 ■コメント "[6.3] Plot Styles"
181305 ■ﾛｰｶﾙｻｲﾄﾞ:"%APPDATA%\Autodesk\AutoCAD Mechanical 2025\R25.0\jpn\Plotters\Plot Styles\LocalTiffPrinter.ctb"
181305 ■-> 環境変数展開後:"C:\Users\sasahara\AppData\Roaming\Autodesk\AutoCAD Mechanical 2025\R25.0\jpn\Plotters\Plot Styles\LocalTiffPrinter.ctb"
181305 ■ｻｰﾊﾞｰｻｲﾄﾞ:C:\ProgramData\TOYOCOMMON\Autocad\Plotters\Plot Styles\LocalTiffPrinter.ctb
 -> テンポラリファイル:C:\Users\sasahara\AppData\Local\Temp\XML_Control.GetFiles_fwljguri.mavとして取得成功
181305 ■ディレクトリ "C:\Users\sasahara\AppData\Roaming\Autodesk\AutoCAD Mechanical 2025\R25.0\jpn\Plotters\Plot Styles" は既に存在しています。処理を続けます
181305 ■ﾛｰｶﾙｻｲﾄﾞ:C:\Users\sasahara\AppData\Roaming\Autodesk\AutoCAD Mechanical 2025\R25.0\jpn\Plotters\Plot Styles\LocalTiffPrinter.ctb を 上書きするモードです.既存ﾌｧｲﾙを削除しました
181305 ■テンポラリ:C:\Users\sasahara\AppData\Local\Temp\XML_Control.GetFiles_fwljguri.mav -> ﾛｰｶﾙｻｲﾄﾞ:C:\Users\sasahara\AppData\Roaming\Autodesk\AutoCAD Mechanical 2025\R25.0\jpn\Plotters\Plot Styles\LocalTiffPrinter.ctb 移動成功
181305 ■コメント "[7.1] PMP Styles"
181305 ■ﾛｰｶﾙｻｲﾄﾞ:"%APPDATA%\Autodesk\AutoCAD Mechanical 2025\R25.0\jpn\Plotters\PMP Files\LocalTiffPrinter.pmp"
181305 ■-> 環境変数展開後:"C:\Users\sasahara\AppData\Roaming\Autodesk\AutoCAD Mechanical 2025\R25.0\jpn\Plotters\PMP Files\LocalTiffPrinter.pmp"
181305 ■ｻｰﾊﾞｰｻｲﾄﾞ:C:\ProgramData\TOYOCOMMON\Autocad\Plotters\PMP Files\LocalTiffPrinter.pmp
 -> テンポラリファイル:C:\Users\sasahara\AppData\Local\Temp\XML_Control.GetFiles_vde55dt4.i5eとして取得成功
181305 ■ディレクトリ "C:\Users\sasahara\AppData\Roaming\Autodesk\AutoCAD Mechanical 2025\R25.0\jpn\Plotters\PMP Files" は既に存在しています。処理を続けます
181305 ■ﾛｰｶﾙｻｲﾄﾞ:C:\Users\sasahara\AppData\Roaming\Autodesk\AutoCAD Mechanical 2025\R25.0\jpn\Plotters\PMP Files\LocalTiffPrinter.pmp を 上書きするモードです.既存ﾌｧｲﾙを削除しました
181305 ■テンポラリ:C:\Users\sasahara\AppData\Local\Temp\XML_Control.GetFiles_vde55dt4.i5e -> ﾛｰｶﾙｻｲﾄﾞ:C:\Users\sasahara\AppData\Roaming\Autodesk\AutoCAD Mechanical 2025\R25.0\jpn\Plotters\PMP Files\LocalTiffPrinter.pmp 移動成功
181305 ■コメント "[7.2] PMP Styles"
181305 ■ﾛｰｶﾙｻｲﾄﾞ:"%APPDATA%\Autodesk\AutoCAD Mechanical 2025\R25.0\jpn\Plotters\PMP Files\SPC830M.pmp"
181305 ■-> 環境変数展開後:"C:\Users\sasahara\AppData\Roaming\Autodesk\AutoCAD Mechanical 2025\R25.0\jpn\Plotters\PMP Files\SPC830M.pmp"
181305 ■ｻｰﾊﾞｰｻｲﾄﾞ:C:\ProgramData\TOYOCOMMON\Autocad\Plotters\PMP Files\SPC830M.pmp
 -> テンポラリファイル:C:\Users\sasahara\AppData\Local\Temp\XML_Control.GetFiles_t3vnpnfo.51kとして取得成功
181305 ■ディレクトリ "C:\Users\sasahara\AppData\Roaming\Autodesk\AutoCAD Mechanical 2025\R25.0\jpn\Plotters\PMP Files" は既に存在しています。処理を続けます
181305 ■ﾛｰｶﾙｻｲﾄﾞ:C:\Users\sasahara\AppData\Roaming\Autodesk\AutoCAD Mechanical 2025\R25.0\jpn\Plotters\PMP Files\SPC830M.pmp を 上書きするモードです.既存ﾌｧｲﾙを削除しました
181305 ■テンポラリ:C:\Users\sasahara\AppData\Local\Temp\XML_Control.GetFiles_t3vnpnfo.51k -> ﾛｰｶﾙｻｲﾄﾞ:C:\Users\sasahara\AppData\Roaming\Autodesk\AutoCAD Mechanical 2025\R25.0\jpn\Plotters\PMP Files\SPC830M.pmp 移動成功
181305 ■コメント "[7.3] PMP Styles"
181305 ■ﾛｰｶﾙｻｲﾄﾞ:"%APPDATA%\Autodesk\AutoCAD Mechanical 2025\R25.0\jpn\Plotters\PMP Files\DocuWide 6055.pmp"
181305 ■-> 環境変数展開後:"C:\Users\sasahara\AppData\Roaming\Autodesk\AutoCAD Mechanical 2025\R25.0\jpn\Plotters\PMP Files\DocuWide 6055.pmp"
181305 ■ｻｰﾊﾞｰｻｲﾄﾞ:C:\ProgramData\TOYOCOMMON\Autocad\Plotters\PMP Files\DocuWide 6055.pmp
 -> テンポラリファイル:C:\Users\sasahara\AppData\Local\Temp\XML_Control.GetFiles_4txgpulb.gjwとして取得成功
181305 ■ディレクトリ "C:\Users\sasahara\AppData\Roaming\Autodesk\AutoCAD Mechanical 2025\R25.0\jpn\Plotters\PMP Files" は既に存在しています。処理を続けます
181305 ■ﾛｰｶﾙｻｲﾄﾞ:C:\Users\sasahara\AppData\Roaming\Autodesk\AutoCAD Mechanical 2025\R25.0\jpn\Plotters\PMP Files\DocuWide 6055.pmp を 上書きするモードです.既存ﾌｧｲﾙを削除しました
181305 ■テンポラリ:C:\Users\sasahara\AppData\Local\Temp\XML_Control.GetFiles_4txgpulb.gjw -> ﾛｰｶﾙｻｲﾄﾞ:C:\Users\sasahara\AppData\Roaming\Autodesk\AutoCAD Mechanical 2025\R25.0\jpn\Plotters\PMP Files\DocuWide 6055.pmp 移動成功
181305 ■ファイル取得指示の結果はTrueでした。
181305 ■Addin追加指令を実行しました。元のファイルは 履歴ﾌｧｲﾙ "C:\Users\sasahara\source\repos\SasaLibDNet8\SasaLibDNet8.SysConfigurator\スタンドアロンAutoCAD設定インストール\AM2025テンプレート・図枠・表題欄など取得.Conf_2022-09-02_000000.Applied" として保存しました
181305 ■Addin追加ｺﾝﾄﾛｰﾙﾌｧｲﾙ 処理を終了します
181703 
181703 ■ファイル取得指示が 26 件あります。
181703 ■コメント "[1.1]テンプレートファイル"
181703 ■ﾛｰｶﾙｻｲﾄﾞ:"%LOCALAPPDATA%\Autodesk\AutoCAD Mechanical 2025\R24.1\jpn\Acadm\Template\am_JIS-TOYO.dwt"
181703 ■-> 環境変数展開後:"C:\Users\sasahara\AppData\Local\Autodesk\AutoCAD Mechanical 2025\R24.1\jpn\Acadm\Template\am_JIS-TOYO.dwt"
181703 ■ｻｰﾊﾞｰｻｲﾄﾞ:C:\ProgramData\TOYOCOMMON\Autocad\Template\am2025_JIS-TOYO.dwt
 -> テンポラリファイル:C:\Users\sasahara\AppData\Local\Temp\XML_Control.GetFiles_dd5gtpri.5xuとして取得成功
181703 ■ディレクトリ "C:\Users\sasahara\AppData\Local\Autodesk\AutoCAD Mechanical 2025\R24.1\jpn\Acadm\Template" は既に存在しています。処理を続けます
181703 ■ﾛｰｶﾙｻｲﾄﾞ:C:\Users\sasahara\AppData\Local\Autodesk\AutoCAD Mechanical 2025\R24.1\jpn\Acadm\Template\am_JIS-TOYO.dwt を 上書きするモードです.既存ﾌｧｲﾙを削除しました
181703 ■テンポラリ:C:\Users\sasahara\AppData\Local\Temp\XML_Control.GetFiles_dd5gtpri.5xu -> ﾛｰｶﾙｻｲﾄﾞ:C:\Users\sasahara\AppData\Local\Autodesk\AutoCAD Mechanical 2025\R24.1\jpn\Acadm\Template\am_JIS-TOYO.dwt 移動成功
181703 ■コメント "[1.2]テンプレートファイル TOYO-PageSetUP.dwt"
181703 ■ﾛｰｶﾙｻｲﾄﾞ:"%LOCALAPPDATA%\Autodesk\AutoCAD Mechanical 2025\R25.0\jpn\Acadm\Template\TOYO-PageSetUP.dwt"
181703 ■-> 環境変数展開後:"C:\Users\sasahara\AppData\Local\Autodesk\AutoCAD Mechanical 2025\R25.0\jpn\Acadm\Template\TOYO-PageSetUP.dwt"
181703 ■ｻｰﾊﾞｰｻｲﾄﾞ:C:\ProgramData\TOYOCOMMON\Autocad\Template\am2025_TOYO-PageSetUP.dwt
 -> テンポラリファイル:C:\Users\sasahara\AppData\Local\Temp\XML_Control.GetFiles_4ax0fag1.05pとして取得成功
181703 ■ディレクトリ "C:\Users\sasahara\AppData\Local\Autodesk\AutoCAD Mechanical 2025\R25.0\jpn\Acadm\Template" は既に存在しています。処理を続けます
181703 ■ﾛｰｶﾙｻｲﾄﾞ:C:\Users\sasahara\AppData\Local\Autodesk\AutoCAD Mechanical 2025\R25.0\jpn\Acadm\Template\TOYO-PageSetUP.dwt を 上書きするモードです.既存ﾌｧｲﾙを削除しました
181703 ■テンポラリ:C:\Users\sasahara\AppData\Local\Temp\XML_Control.GetFiles_4ax0fag1.05p -> ﾛｰｶﾙｻｲﾄﾞ:C:\Users\sasahara\AppData\Local\Autodesk\AutoCAD Mechanical 2025\R25.0\jpn\Acadm\Template\TOYO-PageSetUP.dwt 移動成功
181703 ■コメント "[1.3]テンプレートファイル am2025_トレサビリティマトリックス説明図用.dwt"
181703 ■ﾛｰｶﾙｻｲﾄﾞ:"%LOCALAPPDATA%\Autodesk\AutoCAD Mechanical 2025\R25.0\jpn\Acadm\Template\am2025_トレサビリティマトリックス説明図用.dwt"
181703 ■-> 環境変数展開後:"C:\Users\sasahara\AppData\Local\Autodesk\AutoCAD Mechanical 2025\R25.0\jpn\Acadm\Template\am2025_トレサビリティマトリックス説明図用.dwt"
181703 ■ｻｰﾊﾞｰｻｲﾄﾞ:C:\ProgramData\TOYOCOMMON\Autocad\Template\am2025_トレサビリティマトリックス説明図用.dwt
 -> テンポラリファイル:C:\Users\sasahara\AppData\Local\Temp\XML_Control.GetFiles_yx3n1qua.og0として取得成功
181703 ■ディレクトリ "C:\Users\sasahara\AppData\Local\Autodesk\AutoCAD Mechanical 2025\R25.0\jpn\Acadm\Template" は既に存在しています。処理を続けます
181703 ■ﾛｰｶﾙｻｲﾄﾞ:C:\Users\sasahara\AppData\Local\Autodesk\AutoCAD Mechanical 2025\R25.0\jpn\Acadm\Template\am2025_トレサビリティマトリックス説明図用.dwt を 上書きするモードです.既存ﾌｧｲﾙを削除しました
181703 ■テンポラリ:C:\Users\sasahara\AppData\Local\Temp\XML_Control.GetFiles_yx3n1qua.og0 -> ﾛｰｶﾙｻｲﾄﾞ:C:\Users\sasahara\AppData\Local\Autodesk\AutoCAD Mechanical 2025\R25.0\jpn\Acadm\Template\am2025_トレサビリティマトリックス説明図用.dwt 移動成功
181703 ■コメント "[2.1]部品図用表題欄"
181703 ■ﾛｰｶﾙｻｲﾄﾞ:"%PUBLIC%\Documents\Autodesk\AutoCAD Mechanical 2025\Acadm\Gen\Dwg\Title\TOYO\TOYO-TYPE A.dwg"
181703 ■-> 環境変数展開後:"C:\Users\Public\Documents\Autodesk\AutoCAD Mechanical 2025\Acadm\Gen\Dwg\Title\TOYO\TOYO-TYPE A.dwg"
181703 ■ｻｰﾊﾞｰｻｲﾄﾞ:C:\ProgramData\TOYOCOMMON\Autocad\TITLE\Title_2025_TOYO-TYPE A.dwg
 -> テンポラリファイル:C:\Users\sasahara\AppData\Local\Temp\XML_Control.GetFiles_akqmic2u.rtkとして取得成功
181703 ■ディレクトリ "C:\Users\Public\Documents\Autodesk\AutoCAD Mechanical 2025\Acadm\Gen\Dwg\Title\TOYO" は既に存在しています。処理を続けます
181703 ■ﾛｰｶﾙｻｲﾄﾞ:C:\Users\Public\Documents\Autodesk\AutoCAD Mechanical 2025\Acadm\Gen\Dwg\Title\TOYO\TOYO-TYPE A.dwg を 上書きするモードです.既存ﾌｧｲﾙを削除しました
181703 ■テンポラリ:C:\Users\sasahara\AppData\Local\Temp\XML_Control.GetFiles_akqmic2u.rtk -> ﾛｰｶﾙｻｲﾄﾞ:C:\Users\Public\Documents\Autodesk\AutoCAD Mechanical 2025\Acadm\Gen\Dwg\Title\TOYO\TOYO-TYPE A.dwg 移動成功
181703 ■コメント "[2.2]組立図レイアウト図用表題欄"
181703 ■ﾛｰｶﾙｻｲﾄﾞ:"%PUBLIC%\Documents\Autodesk\AutoCAD Mechanical 2025\Acadm\Gen\Dwg\Title\TOYO\TOYO-TYPE B.dwg"
181703 ■-> 環境変数展開後:"C:\Users\Public\Documents\Autodesk\AutoCAD Mechanical 2025\Acadm\Gen\Dwg\Title\TOYO\TOYO-TYPE B.dwg"
181703 ■ｻｰﾊﾞｰｻｲﾄﾞ:C:\ProgramData\TOYOCOMMON\Autocad\TITLE\Title_2025_TOYO-TYPE B.dwg
 -> テンポラリファイル:C:\Users\sasahara\AppData\Local\Temp\XML_Control.GetFiles_ilbyagwm.dnbとして取得成功
181703 ■ディレクトリ "C:\Users\Public\Documents\Autodesk\AutoCAD Mechanical 2025\Acadm\Gen\Dwg\Title\TOYO" は既に存在しています。処理を続けます
181703 ■ﾛｰｶﾙｻｲﾄﾞ:C:\Users\Public\Documents\Autodesk\AutoCAD Mechanical 2025\Acadm\Gen\Dwg\Title\TOYO\TOYO-TYPE B.dwg を 上書きするモードです.既存ﾌｧｲﾙを削除しました
181703 ■テンポラリ:C:\Users\sasahara\AppData\Local\Temp\XML_Control.GetFiles_ilbyagwm.dnb -> ﾛｰｶﾙｻｲﾄﾞ:C:\Users\Public\Documents\Autodesk\AutoCAD Mechanical 2025\Acadm\Gen\Dwg\Title\TOYO\TOYO-TYPE B.dwg 移動成功
181703 ■コメント "[2.3]テーブル部品図用表題欄"
181703 ■ﾛｰｶﾙｻｲﾄﾞ:"%PUBLIC%\Documents\Autodesk\AutoCAD Mechanical 2025\Acadm\Gen\Dwg\Title\TOYO\TOYO-TYPE-テーブル.dwg"
181703 ■-> 環境変数展開後:"C:\Users\Public\Documents\Autodesk\AutoCAD Mechanical 2025\Acadm\Gen\Dwg\Title\TOYO\TOYO-TYPE-テーブル.dwg"
181703 ■ｻｰﾊﾞｰｻｲﾄﾞ:C:\ProgramData\TOYOCOMMON\Autocad\TITLE\Title_2025_TOYO-TYPE-テーブル.dwg
 -> テンポラリファイル:C:\Users\sasahara\AppData\Local\Temp\XML_Control.GetFiles_33vm4aqh.ipmとして取得成功
181703 ■ディレクトリ "C:\Users\Public\Documents\Autodesk\AutoCAD Mechanical 2025\Acadm\Gen\Dwg\Title\TOYO" は既に存在しています。処理を続けます
181703 ■ﾛｰｶﾙｻｲﾄﾞ:C:\Users\Public\Documents\Autodesk\AutoCAD Mechanical 2025\Acadm\Gen\Dwg\Title\TOYO\TOYO-TYPE-テーブル.dwg を 上書きするモードです.既存ﾌｧｲﾙを削除しました
181703 ■テンポラリ:C:\Users\sasahara\AppData\Local\Temp\XML_Control.GetFiles_33vm4aqh.ipm -> ﾛｰｶﾙｻｲﾄﾞ:C:\Users\Public\Documents\Autodesk\AutoCAD Mechanical 2025\Acadm\Gen\Dwg\Title\TOYO\TOYO-TYPE-テーブル.dwg 移動成功
181703 ■コメント "[2.4]薄板部品図用表題欄"
181703 ■ﾛｰｶﾙｻｲﾄﾞ:"%PUBLIC%\Documents\Autodesk\AutoCAD Mechanical 2025\Acadm\Gen\Dwg\Title\TOYO\TOYO-TYPE-薄板.dwg"
181703 ■-> 環境変数展開後:"C:\Users\Public\Documents\Autodesk\AutoCAD Mechanical 2025\Acadm\Gen\Dwg\Title\TOYO\TOYO-TYPE-薄板.dwg"
181703 ■ｻｰﾊﾞｰｻｲﾄﾞ:C:\ProgramData\TOYOCOMMON\Autocad\TITLE\Title_2025_TOYO-TYPE-薄板.dwg
 -> テンポラリファイル:C:\Users\sasahara\AppData\Local\Temp\XML_Control.GetFiles_jbf4cmci.ijwとして取得成功
181703 ■ディレクトリ "C:\Users\Public\Documents\Autodesk\AutoCAD Mechanical 2025\Acadm\Gen\Dwg\Title\TOYO" は既に存在しています。処理を続けます
181703 ■ﾛｰｶﾙｻｲﾄﾞ:C:\Users\Public\Documents\Autodesk\AutoCAD Mechanical 2025\Acadm\Gen\Dwg\Title\TOYO\TOYO-TYPE-薄板.dwg を 上書きするモードです.既存ﾌｧｲﾙを削除しました
181703 ■テンポラリ:C:\Users\sasahara\AppData\Local\Temp\XML_Control.GetFiles_jbf4cmci.ijw -> ﾛｰｶﾙｻｲﾄﾞ:C:\Users\Public\Documents\Autodesk\AutoCAD Mechanical 2025\Acadm\Gen\Dwg\Title\TOYO\TOYO-TYPE-薄板.dwg 移動成功
181703 ■コメント "[3.1]図面シートフォーマット 組立・レイアウト図用 A0横"
181703 ■ﾛｰｶﾙｻｲﾄﾞ:"%PUBLIC%\Documents\Autodesk\AutoCAD Mechanical 2025\Acadm\Gen\Dwg\Format\TOYO\TOYO-A0L-ASSY.dwg"
181703 ■-> 環境変数展開後:"C:\Users\Public\Documents\Autodesk\AutoCAD Mechanical 2025\Acadm\Gen\Dwg\Format\TOYO\TOYO-A0L-ASSY.dwg"
181703 ■ｻｰﾊﾞｰｻｲﾄﾞ:C:\ProgramData\TOYOCOMMON\Autocad\Format\Format_2025_TOYO-A0L-ASSY.dwg
 -> テンポラリファイル:C:\Users\sasahara\AppData\Local\Temp\XML_Control.GetFiles_q0ulzqgw.firとして取得成功
181703 ■ディレクトリ "C:\Users\Public\Documents\Autodesk\AutoCAD Mechanical 2025\Acadm\Gen\Dwg\Format\TOYO" は既に存在しています。処理を続けます
181703 ■ﾛｰｶﾙｻｲﾄﾞ:C:\Users\Public\Documents\Autodesk\AutoCAD Mechanical 2025\Acadm\Gen\Dwg\Format\TOYO\TOYO-A0L-ASSY.dwg を 上書きするモードです.既存ﾌｧｲﾙを削除しました
181703 ■テンポラリ:C:\Users\sasahara\AppData\Local\Temp\XML_Control.GetFiles_q0ulzqgw.fir -> ﾛｰｶﾙｻｲﾄﾞ:C:\Users\Public\Documents\Autodesk\AutoCAD Mechanical 2025\Acadm\Gen\Dwg\Format\TOYO\TOYO-A0L-ASSY.dwg 移動成功
181703 ■コメント "[3.2]図面シートフォーマット 部品図用 A0横"
181703 ■ﾛｰｶﾙｻｲﾄﾞ:"%PUBLIC%\Documents\Autodesk\AutoCAD Mechanical 2025\Acadm\Gen\Dwg\Format\TOYO\TOYO-A0L-PARTS.dwg"
181703 ■-> 環境変数展開後:"C:\Users\Public\Documents\Autodesk\AutoCAD Mechanical 2025\Acadm\Gen\Dwg\Format\TOYO\TOYO-A0L-PARTS.dwg"
181703 ■ｻｰﾊﾞｰｻｲﾄﾞ:C:\ProgramData\TOYOCOMMON\Autocad\Format\Format_2025_TOYO-A0L-PARTS.dwg
 -> テンポラリファイル:C:\Users\sasahara\AppData\Local\Temp\XML_Control.GetFiles_gf3eyl12.vpuとして取得成功
181703 ■ディレクトリ "C:\Users\Public\Documents\Autodesk\AutoCAD Mechanical 2025\Acadm\Gen\Dwg\Format\TOYO" は既に存在しています。処理を続けます
181703 ■ﾛｰｶﾙｻｲﾄﾞ:C:\Users\Public\Documents\Autodesk\AutoCAD Mechanical 2025\Acadm\Gen\Dwg\Format\TOYO\TOYO-A0L-PARTS.dwg を 上書きするモードです.既存ﾌｧｲﾙを削除しました
181703 ■テンポラリ:C:\Users\sasahara\AppData\Local\Temp\XML_Control.GetFiles_gf3eyl12.vpu -> ﾛｰｶﾙｻｲﾄﾞ:C:\Users\Public\Documents\Autodesk\AutoCAD Mechanical 2025\Acadm\Gen\Dwg\Format\TOYO\TOYO-A0L-PARTS.dwg 移動成功
181703 ■コメント "[3.3]図面シートフォーマット 組立・レイアウト図用 A1横"
181703 ■ﾛｰｶﾙｻｲﾄﾞ:"%PUBLIC%\Documents\Autodesk\AutoCAD Mechanical 2025\Acadm\Gen\Dwg\Format\TOYO\TOYO-A1L-ASSY.dwg"
181703 ■-> 環境変数展開後:"C:\Users\Public\Documents\Autodesk\AutoCAD Mechanical 2025\Acadm\Gen\Dwg\Format\TOYO\TOYO-A1L-ASSY.dwg"
181703 ■ｻｰﾊﾞｰｻｲﾄﾞ:C:\ProgramData\TOYOCOMMON\Autocad\Format\Format_2025_TOYO-A1L-ASSY.dwg
 -> テンポラリファイル:C:\Users\sasahara\AppData\Local\Temp\XML_Control.GetFiles_xftwyk04.24zとして取得成功
181703 ■ディレクトリ "C:\Users\Public\Documents\Autodesk\AutoCAD Mechanical 2025\Acadm\Gen\Dwg\Format\TOYO" は既に存在しています。処理を続けます
181703 ■ﾛｰｶﾙｻｲﾄﾞ:C:\Users\Public\Documents\Autodesk\AutoCAD Mechanical 2025\Acadm\Gen\Dwg\Format\TOYO\TOYO-A1L-ASSY.dwg を 上書きするモードです.既存ﾌｧｲﾙを削除しました
181703 ■テンポラリ:C:\Users\sasahara\AppData\Local\Temp\XML_Control.GetFiles_xftwyk04.24z -> ﾛｰｶﾙｻｲﾄﾞ:C:\Users\Public\Documents\Autodesk\AutoCAD Mechanical 2025\Acadm\Gen\Dwg\Format\TOYO\TOYO-A1L-ASSY.dwg 移動成功
181703 ■コメント "[3.4]図面シートフォーマット 部品図用 A1横"
181703 ■ﾛｰｶﾙｻｲﾄﾞ:"%PUBLIC%\Documents\Autodesk\AutoCAD Mechanical 2025\Acadm\Gen\Dwg\Format\TOYO\TOYO-A1L-PARTS.dwg"
181703 ■-> 環境変数展開後:"C:\Users\Public\Documents\Autodesk\AutoCAD Mechanical 2025\Acadm\Gen\Dwg\Format\TOYO\TOYO-A1L-PARTS.dwg"
181703 ■ｻｰﾊﾞｰｻｲﾄﾞ:C:\ProgramData\TOYOCOMMON\Autocad\Format\Format_2025_TOYO-A1L-PARTS.dwg
 -> テンポラリファイル:C:\Users\sasahara\AppData\Local\Temp\XML_Control.GetFiles_hnzstaul.mxwとして取得成功
181703 ■ディレクトリ "C:\Users\Public\Documents\Autodesk\AutoCAD Mechanical 2025\Acadm\Gen\Dwg\Format\TOYO" は既に存在しています。処理を続けます
181703 ■ﾛｰｶﾙｻｲﾄﾞ:C:\Users\Public\Documents\Autodesk\AutoCAD Mechanical 2025\Acadm\Gen\Dwg\Format\TOYO\TOYO-A1L-PARTS.dwg を 上書きするモードです.既存ﾌｧｲﾙを削除しました
181703 ■テンポラリ:C:\Users\sasahara\AppData\Local\Temp\XML_Control.GetFiles_hnzstaul.mxw -> ﾛｰｶﾙｻｲﾄﾞ:C:\Users\Public\Documents\Autodesk\AutoCAD Mechanical 2025\Acadm\Gen\Dwg\Format\TOYO\TOYO-A1L-PARTS.dwg 移動成功
181703 ■コメント "[3.5]図面シートフォーマット 組立・レイアウト図用 A2横"
181703 ■ﾛｰｶﾙｻｲﾄﾞ:"%PUBLIC%\Documents\Autodesk\AutoCAD Mechanical 2025\Acadm\Gen\Dwg\Format\TOYO\TOYO-A2L-ASSY.dwg"
181703 ■-> 環境変数展開後:"C:\Users\Public\Documents\Autodesk\AutoCAD Mechanical 2025\Acadm\Gen\Dwg\Format\TOYO\TOYO-A2L-ASSY.dwg"
181703 ■ｻｰﾊﾞｰｻｲﾄﾞ:C:\ProgramData\TOYOCOMMON\Autocad\Format\Format_2025_TOYO-A2L-ASSY.dwg
 -> テンポラリファイル:C:\Users\sasahara\AppData\Local\Temp\XML_Control.GetFiles_10rmmoi3.zxjとして取得成功
181703 ■ディレクトリ "C:\Users\Public\Documents\Autodesk\AutoCAD Mechanical 2025\Acadm\Gen\Dwg\Format\TOYO" は既に存在しています。処理を続けます
181703 ■ﾛｰｶﾙｻｲﾄﾞ:C:\Users\Public\Documents\Autodesk\AutoCAD Mechanical 2025\Acadm\Gen\Dwg\Format\TOYO\TOYO-A2L-ASSY.dwg を 上書きするモードです.既存ﾌｧｲﾙを削除しました
181703 ■テンポラリ:C:\Users\sasahara\AppData\Local\Temp\XML_Control.GetFiles_10rmmoi3.zxj -> ﾛｰｶﾙｻｲﾄﾞ:C:\Users\Public\Documents\Autodesk\AutoCAD Mechanical 2025\Acadm\Gen\Dwg\Format\TOYO\TOYO-A2L-ASSY.dwg 移動成功
181703 ■コメント "[3.6]図面シートフォーマット 部品図用 A2横"
181703 ■ﾛｰｶﾙｻｲﾄﾞ:"%PUBLIC%\Documents\Autodesk\AutoCAD Mechanical 2025\Acadm\Gen\Dwg\Format\TOYO\TOYO-A2L-PARTS.dwg"
181703 ■-> 環境変数展開後:"C:\Users\Public\Documents\Autodesk\AutoCAD Mechanical 2025\Acadm\Gen\Dwg\Format\TOYO\TOYO-A2L-PARTS.dwg"
181703 ■ｻｰﾊﾞｰｻｲﾄﾞ:C:\ProgramData\TOYOCOMMON\Autocad\Format\Format_2025_TOYO-A2L-PARTS.dwg
 -> テンポラリファイル:C:\Users\sasahara\AppData\Local\Temp\XML_Control.GetFiles_x3xobu04.3hmとして取得成功
181703 ■ディレクトリ "C:\Users\Public\Documents\Autodesk\AutoCAD Mechanical 2025\Acadm\Gen\Dwg\Format\TOYO" は既に存在しています。処理を続けます
181703 ■ﾛｰｶﾙｻｲﾄﾞ:C:\Users\Public\Documents\Autodesk\AutoCAD Mechanical 2025\Acadm\Gen\Dwg\Format\TOYO\TOYO-A2L-PARTS.dwg を 上書きするモードです.既存ﾌｧｲﾙを削除しました
181703 ■テンポラリ:C:\Users\sasahara\AppData\Local\Temp\XML_Control.GetFiles_x3xobu04.3hm -> ﾛｰｶﾙｻｲﾄﾞ:C:\Users\Public\Documents\Autodesk\AutoCAD Mechanical 2025\Acadm\Gen\Dwg\Format\TOYO\TOYO-A2L-PARTS.dwg 移動成功
181703 ■コメント "[3.7]図面シートフォーマット 組立・レイアウト図用 A3横"
181703 ■ﾛｰｶﾙｻｲﾄﾞ:"%PUBLIC%\Documents\Autodesk\AutoCAD Mechanical 2025\Acadm\Gen\Dwg\Format\TOYO\TOYO-A3L-ASSY.dwg"
181703 ■-> 環境変数展開後:"C:\Users\Public\Documents\Autodesk\AutoCAD Mechanical 2025\Acadm\Gen\Dwg\Format\TOYO\TOYO-A3L-ASSY.dwg"
181703 ■ｻｰﾊﾞｰｻｲﾄﾞ:C:\ProgramData\TOYOCOMMON\Autocad\Format\Format_2025_TOYO-A3L-ASSY.dwg
 -> テンポラリファイル:C:\Users\sasahara\AppData\Local\Temp\XML_Control.GetFiles_l2hl3xtn.ekiとして取得成功
181703 ■ディレクトリ "C:\Users\Public\Documents\Autodesk\AutoCAD Mechanical 2025\Acadm\Gen\Dwg\Format\TOYO" は既に存在しています。処理を続けます
181703 ■ﾛｰｶﾙｻｲﾄﾞ:C:\Users\Public\Documents\Autodesk\AutoCAD Mechanical 2025\Acadm\Gen\Dwg\Format\TOYO\TOYO-A3L-ASSY.dwg を 上書きするモードです.既存ﾌｧｲﾙを削除しました
181703 ■テンポラリ:C:\Users\sasahara\AppData\Local\Temp\XML_Control.GetFiles_l2hl3xtn.eki -> ﾛｰｶﾙｻｲﾄﾞ:C:\Users\Public\Documents\Autodesk\AutoCAD Mechanical 2025\Acadm\Gen\Dwg\Format\TOYO\TOYO-A3L-ASSY.dwg 移動成功
181703 ■コメント "[3.8]図面シートフォーマット 部品図用 A3横"
181703 ■ﾛｰｶﾙｻｲﾄﾞ:"%PUBLIC%\Documents\Autodesk\AutoCAD Mechanical 2025\Acadm\Gen\Dwg\Format\TOYO\TOYO-A3L-PARTS.dwg"
181703 ■-> 環境変数展開後:"C:\Users\Public\Documents\Autodesk\AutoCAD Mechanical 2025\Acadm\Gen\Dwg\Format\TOYO\TOYO-A3L-PARTS.dwg"
181703 ※ｻｰﾊﾞｰｻｲﾄﾞ:C:\ProgramData\TOYOCOMMON\Autocad\Format\Format_2025_TOYO-A3L-PARTS.dwg -> テンポラリ:C:\Users\sasahara\AppData\Local\Temp\XML_Control.GetFiles_d2dhhymk.fbn 取得失敗(2)。処理を続けられませんスキップします
181703 ■コメント "[3.9]図面シートフォーマット 組立・レイアウト図用 A4縦"
181703 ■ﾛｰｶﾙｻｲﾄﾞ:"%PUBLIC%\Documents\Autodesk\AutoCAD Mechanical 2025\Acadm\Gen\Dwg\Format\TOYO\TOYO-A4R-ASSY.dwg"
181703 ■-> 環境変数展開後:"C:\Users\Public\Documents\Autodesk\AutoCAD Mechanical 2025\Acadm\Gen\Dwg\Format\TOYO\TOYO-A4R-ASSY.dwg"
181703 ※ｻｰﾊﾞｰｻｲﾄﾞ:C:\ProgramData\TOYOCOMMON\Autocad\Format\Format_2025_TOYO-A4R-ASSY.dwg -> テンポラリ:C:\Users\sasahara\AppData\Local\Temp\XML_Control.GetFiles_l1jktw0e.c1g 取得失敗(2)。処理を続けられませんスキップします
181703 ■コメント "[3.10]図面シートフォーマット 部品図用 A4縦"
181703 ■ﾛｰｶﾙｻｲﾄﾞ:"%PUBLIC%\Documents\Autodesk\AutoCAD Mechanical 2025\Acadm\Gen\Dwg\Format\TOYO\TOYO-A4R-PARTS.dwg"
181703 ■-> 環境変数展開後:"C:\Users\Public\Documents\Autodesk\AutoCAD Mechanical 2025\Acadm\Gen\Dwg\Format\TOYO\TOYO-A4R-PARTS.dwg"
181703 ※ｻｰﾊﾞｰｻｲﾄﾞ:C:\ProgramData\TOYOCOMMON\Autocad\Format\Format_2025_TOYO-A4R-PARTS.dwg -> テンポラリ:C:\Users\sasahara\AppData\Local\Temp\XML_Control.GetFiles_evwam3wm.tgl 取得失敗(2)。処理を続けられませんスキップします
181703 ■コメント "[4.1]ﾘﾋﾞｼﾞｮﾝテーブル"
181703 ■ﾛｰｶﾙｻｲﾄﾞ:"%PUBLIC%\Documents\Autodesk\AutoCAD Mechanical 2025\Acadm\Gen\Dwg\Revisionlist\TOYO\TOYO_REVLIST.dwg"
181703 ■-> 環境変数展開後:"C:\Users\Public\Documents\Autodesk\AutoCAD Mechanical 2025\Acadm\Gen\Dwg\Revisionlist\TOYO\TOYO_REVLIST.dwg"
181703 ■ｻｰﾊﾞｰｻｲﾄﾞ:C:\ProgramData\TOYOCOMMON\Autocad\Revisionlist\Revisionlist_2025_TOYO_REVLIST.dwg
 -> テンポラリファイル:C:\Users\sasahara\AppData\Local\Temp\XML_Control.GetFiles_xv5c3v0q.0ipとして取得成功
181703 ■ディレクトリ "C:\Users\Public\Documents\Autodesk\AutoCAD Mechanical 2025\Acadm\Gen\Dwg\Revisionlist\TOYO" は既に存在しています。処理を続けます
181703 ■ﾛｰｶﾙｻｲﾄﾞ:C:\Users\Public\Documents\Autodesk\AutoCAD Mechanical 2025\Acadm\Gen\Dwg\Revisionlist\TOYO\TOYO_REVLIST.dwg を 上書きするモードです.既存ﾌｧｲﾙを削除しました
181703 ■テンポラリ:C:\Users\sasahara\AppData\Local\Temp\XML_Control.GetFiles_xv5c3v0q.0ip -> ﾛｰｶﾙｻｲﾄﾞ:C:\Users\Public\Documents\Autodesk\AutoCAD Mechanical 2025\Acadm\Gen\Dwg\Revisionlist\TOYO\TOYO_REVLIST.dwg 移動成功
181703 ■コメント "[5.1] PC3 Files"
181703 ■ﾛｰｶﾙｻｲﾄﾞ:"%APPDATA%\Autodesk\AutoCAD Mechanical 2025\R25.0\jpn\Plotters\LocalTiffPrinter.pc3"
181703 ■-> 環境変数展開後:"C:\Users\sasahara\AppData\Roaming\Autodesk\AutoCAD Mechanical 2025\R25.0\jpn\Plotters\LocalTiffPrinter.pc3"
181703 ■ｻｰﾊﾞｰｻｲﾄﾞ:C:\ProgramData\TOYOCOMMON\Autocad\Plotters\LocalTiffPrinter.pc3
 -> テンポラリファイル:C:\Users\sasahara\AppData\Local\Temp\XML_Control.GetFiles_ch0cum4g.lvcとして取得成功
181703 ■ディレクトリ "C:\Users\sasahara\AppData\Roaming\Autodesk\AutoCAD Mechanical 2025\R25.0\jpn\Plotters" は既に存在しています。処理を続けます
181703 ■ﾛｰｶﾙｻｲﾄﾞ:C:\Users\sasahara\AppData\Roaming\Autodesk\AutoCAD Mechanical 2025\R25.0\jpn\Plotters\LocalTiffPrinter.pc3 を 上書きするモードです.既存ﾌｧｲﾙを削除しました
181703 ■テンポラリ:C:\Users\sasahara\AppData\Local\Temp\XML_Control.GetFiles_ch0cum4g.lvc -> ﾛｰｶﾙｻｲﾄﾞ:C:\Users\sasahara\AppData\Roaming\Autodesk\AutoCAD Mechanical 2025\R25.0\jpn\Plotters\LocalTiffPrinter.pc3 移動成功
181703 ■コメント "[5.2] PC3 Files"
181703 ■ﾛｰｶﾙｻｲﾄﾞ:"%APPDATA%\Autodesk\AutoCAD Mechanical 2025\R25.0\jpn\Plotters\AutoCAD (A0-A4) DocuWide 6055.pc3"
181703 ■-> 環境変数展開後:"C:\Users\sasahara\AppData\Roaming\Autodesk\AutoCAD Mechanical 2025\R25.0\jpn\Plotters\AutoCAD (A0-A4) DocuWide 6055.pc3"
181703 ■ｻｰﾊﾞｰｻｲﾄﾞ:C:\ProgramData\TOYOCOMMON\Autocad\Plotters\AutoCAD (A0-A4) DocuWide 6055.pc3
 -> テンポラリファイル:C:\Users\sasahara\AppData\Local\Temp\XML_Control.GetFiles_rxm3ffgk.tehとして取得成功
181703 ■ディレクトリ "C:\Users\sasahara\AppData\Roaming\Autodesk\AutoCAD Mechanical 2025\R25.0\jpn\Plotters" は既に存在しています。処理を続けます
181703 ■ﾛｰｶﾙｻｲﾄﾞ:C:\Users\sasahara\AppData\Roaming\Autodesk\AutoCAD Mechanical 2025\R25.0\jpn\Plotters\AutoCAD (A0-A4) DocuWide 6055.pc3 を 上書きするモードです.既存ﾌｧｲﾙを削除しました
181703 ■テンポラリ:C:\Users\sasahara\AppData\Local\Temp\XML_Control.GetFiles_rxm3ffgk.teh -> ﾛｰｶﾙｻｲﾄﾞ:C:\Users\sasahara\AppData\Roaming\Autodesk\AutoCAD Mechanical 2025\R25.0\jpn\Plotters\AutoCAD (A0-A4) DocuWide 6055.pc3 移動成功
181703 ■コメント "[6.1] Plot Styles"
181703 ■ﾛｰｶﾙｻｲﾄﾞ:"%APPDATA%\Autodesk\AutoCAD Mechanical 2025\R25.0\jpn\Plotters\Plot Styles\TOYO標準ペン設定.ctb"
181703 ■-> 環境変数展開後:"C:\Users\sasahara\AppData\Roaming\Autodesk\AutoCAD Mechanical 2025\R25.0\jpn\Plotters\Plot Styles\TOYO標準ペン設定.ctb"
181703 ■ｻｰﾊﾞｰｻｲﾄﾞ:C:\ProgramData\TOYOCOMMON\Autocad\Plotters\Plot Styles\TOYO標準ペン設定.ctb
 -> テンポラリファイル:C:\Users\sasahara\AppData\Local\Temp\XML_Control.GetFiles_csxkrazs.5enとして取得成功
181703 ■ディレクトリ "C:\Users\sasahara\AppData\Roaming\Autodesk\AutoCAD Mechanical 2025\R25.0\jpn\Plotters\Plot Styles" は既に存在しています。処理を続けます
181703 ■ﾛｰｶﾙｻｲﾄﾞ:C:\Users\sasahara\AppData\Roaming\Autodesk\AutoCAD Mechanical 2025\R25.0\jpn\Plotters\Plot Styles\TOYO標準ペン設定.ctb を 上書きするモードです.既存ﾌｧｲﾙを削除しました
181703 ■テンポラリ:C:\Users\sasahara\AppData\Local\Temp\XML_Control.GetFiles_csxkrazs.5en -> ﾛｰｶﾙｻｲﾄﾞ:C:\Users\sasahara\AppData\Roaming\Autodesk\AutoCAD Mechanical 2025\R25.0\jpn\Plotters\Plot Styles\TOYO標準ペン設定.ctb 移動成功
181703 ■コメント "[6.2] Plot Styles"
181703 ■ﾛｰｶﾙｻｲﾄﾞ:"%APPDATA%\Autodesk\AutoCAD Mechanical 2025\R25.0\jpn\Plotters\Plot Styles\TOYO細線ペン設定.ctb"
181703 ■-> 環境変数展開後:"C:\Users\sasahara\AppData\Roaming\Autodesk\AutoCAD Mechanical 2025\R25.0\jpn\Plotters\Plot Styles\TOYO細線ペン設定.ctb"
181703 ■ｻｰﾊﾞｰｻｲﾄﾞ:C:\ProgramData\TOYOCOMMON\Autocad\Plotters\Plot Styles\TOYO細線ペン設定.ctb
 -> テンポラリファイル:C:\Users\sasahara\AppData\Local\Temp\XML_Control.GetFiles_nptgoc4l.ximとして取得成功
181703 ■ディレクトリ "C:\Users\sasahara\AppData\Roaming\Autodesk\AutoCAD Mechanical 2025\R25.0\jpn\Plotters\Plot Styles" は既に存在しています。処理を続けます
181703 ■ﾛｰｶﾙｻｲﾄﾞ:C:\Users\sasahara\AppData\Roaming\Autodesk\AutoCAD Mechanical 2025\R25.0\jpn\Plotters\Plot Styles\TOYO細線ペン設定.ctb を 上書きするモードです.既存ﾌｧｲﾙを削除しました
181703 ■テンポラリ:C:\Users\sasahara\AppData\Local\Temp\XML_Control.GetFiles_nptgoc4l.xim -> ﾛｰｶﾙｻｲﾄﾞ:C:\Users\sasahara\AppData\Roaming\Autodesk\AutoCAD Mechanical 2025\R25.0\jpn\Plotters\Plot Styles\TOYO細線ペン設定.ctb 移動成功
181703 ■コメント "[6.3] Plot Styles"
181703 ■ﾛｰｶﾙｻｲﾄﾞ:"%APPDATA%\Autodesk\AutoCAD Mechanical 2025\R25.0\jpn\Plotters\Plot Styles\LocalTiffPrinter.ctb"
181703 ■-> 環境変数展開後:"C:\Users\sasahara\AppData\Roaming\Autodesk\AutoCAD Mechanical 2025\R25.0\jpn\Plotters\Plot Styles\LocalTiffPrinter.ctb"
181703 ■ｻｰﾊﾞｰｻｲﾄﾞ:C:\ProgramData\TOYOCOMMON\Autocad\Plotters\Plot Styles\LocalTiffPrinter.ctb
 -> テンポラリファイル:C:\Users\sasahara\AppData\Local\Temp\XML_Control.GetFiles_mlgqifzr.p0hとして取得成功
181703 ■ディレクトリ "C:\Users\sasahara\AppData\Roaming\Autodesk\AutoCAD Mechanical 2025\R25.0\jpn\Plotters\Plot Styles" は既に存在しています。処理を続けます
181703 ■ﾛｰｶﾙｻｲﾄﾞ:C:\Users\sasahara\AppData\Roaming\Autodesk\AutoCAD Mechanical 2025\R25.0\jpn\Plotters\Plot Styles\LocalTiffPrinter.ctb を 上書きするモードです.既存ﾌｧｲﾙを削除しました
181703 ■テンポラリ:C:\Users\sasahara\AppData\Local\Temp\XML_Control.GetFiles_mlgqifzr.p0h -> ﾛｰｶﾙｻｲﾄﾞ:C:\Users\sasahara\AppData\Roaming\Autodesk\AutoCAD Mechanical 2025\R25.0\jpn\Plotters\Plot Styles\LocalTiffPrinter.ctb 移動成功
181703 ■コメント "[7.1] PMP Styles"
181703 ■ﾛｰｶﾙｻｲﾄﾞ:"%APPDATA%\Autodesk\AutoCAD Mechanical 2025\R25.0\jpn\Plotters\PMP Files\LocalTiffPrinter.pmp"
181703 ■-> 環境変数展開後:"C:\Users\sasahara\AppData\Roaming\Autodesk\AutoCAD Mechanical 2025\R25.0\jpn\Plotters\PMP Files\LocalTiffPrinter.pmp"
181703 ■ｻｰﾊﾞｰｻｲﾄﾞ:C:\ProgramData\TOYOCOMMON\Autocad\Plotters\PMP Files\LocalTiffPrinter.pmp
 -> テンポラリファイル:C:\Users\sasahara\AppData\Local\Temp\XML_Control.GetFiles_io1y3cdp.an1として取得成功
181703 ■ディレクトリ "C:\Users\sasahara\AppData\Roaming\Autodesk\AutoCAD Mechanical 2025\R25.0\jpn\Plotters\PMP Files" は既に存在しています。処理を続けます
181703 ■ﾛｰｶﾙｻｲﾄﾞ:C:\Users\sasahara\AppData\Roaming\Autodesk\AutoCAD Mechanical 2025\R25.0\jpn\Plotters\PMP Files\LocalTiffPrinter.pmp を 上書きするモードです.既存ﾌｧｲﾙを削除しました
181703 ■テンポラリ:C:\Users\sasahara\AppData\Local\Temp\XML_Control.GetFiles_io1y3cdp.an1 -> ﾛｰｶﾙｻｲﾄﾞ:C:\Users\sasahara\AppData\Roaming\Autodesk\AutoCAD Mechanical 2025\R25.0\jpn\Plotters\PMP Files\LocalTiffPrinter.pmp 移動成功
181703 ■コメント "[7.2] PMP Styles"
181703 ■ﾛｰｶﾙｻｲﾄﾞ:"%APPDATA%\Autodesk\AutoCAD Mechanical 2025\R25.0\jpn\Plotters\PMP Files\SPC830M.pmp"
181703 ■-> 環境変数展開後:"C:\Users\sasahara\AppData\Roaming\Autodesk\AutoCAD Mechanical 2025\R25.0\jpn\Plotters\PMP Files\SPC830M.pmp"
181703 ■ｻｰﾊﾞｰｻｲﾄﾞ:C:\ProgramData\TOYOCOMMON\Autocad\Plotters\PMP Files\SPC830M.pmp
 -> テンポラリファイル:C:\Users\sasahara\AppData\Local\Temp\XML_Control.GetFiles_4vst1ojf.ahqとして取得成功
181703 ■ディレクトリ "C:\Users\sasahara\AppData\Roaming\Autodesk\AutoCAD Mechanical 2025\R25.0\jpn\Plotters\PMP Files" は既に存在しています。処理を続けます
181703 ■ﾛｰｶﾙｻｲﾄﾞ:C:\Users\sasahara\AppData\Roaming\Autodesk\AutoCAD Mechanical 2025\R25.0\jpn\Plotters\PMP Files\SPC830M.pmp を 上書きするモードです.既存ﾌｧｲﾙを削除しました
181703 ■テンポラリ:C:\Users\sasahara\AppData\Local\Temp\XML_Control.GetFiles_4vst1ojf.ahq -> ﾛｰｶﾙｻｲﾄﾞ:C:\Users\sasahara\AppData\Roaming\Autodesk\AutoCAD Mechanical 2025\R25.0\jpn\Plotters\PMP Files\SPC830M.pmp 移動成功
181703 ■コメント "[7.3] PMP Styles"
181703 ■ﾛｰｶﾙｻｲﾄﾞ:"%APPDATA%\Autodesk\AutoCAD Mechanical 2025\R25.0\jpn\Plotters\PMP Files\DocuWide 6055.pmp"
181703 ■-> 環境変数展開後:"C:\Users\sasahara\AppData\Roaming\Autodesk\AutoCAD Mechanical 2025\R25.0\jpn\Plotters\PMP Files\DocuWide 6055.pmp"
181703 ■ｻｰﾊﾞｰｻｲﾄﾞ:C:\ProgramData\TOYOCOMMON\Autocad\Plotters\PMP Files\DocuWide 6055.pmp
 -> テンポラリファイル:C:\Users\sasahara\AppData\Local\Temp\XML_Control.GetFiles_j4zmm4et.5w2として取得成功
181703 ■ディレクトリ "C:\Users\sasahara\AppData\Roaming\Autodesk\AutoCAD Mechanical 2025\R25.0\jpn\Plotters\PMP Files" は既に存在しています。処理を続けます
181703 ■ﾛｰｶﾙｻｲﾄﾞ:C:\Users\sasahara\AppData\Roaming\Autodesk\AutoCAD Mechanical 2025\R25.0\jpn\Plotters\PMP Files\DocuWide 6055.pmp を 上書きするモードです.既存ﾌｧｲﾙを削除しました
181703 ■テンポラリ:C:\Users\sasahara\AppData\Local\Temp\XML_Control.GetFiles_j4zmm4et.5w2 -> ﾛｰｶﾙｻｲﾄﾞ:C:\Users\sasahara\AppData\Roaming\Autodesk\AutoCAD Mechanical 2025\R25.0\jpn\Plotters\PMP Files\DocuWide 6055.pmp 移動成功
181703 ■ファイル取得指示の結果はTrueでした。
181703 ■Addin追加指令を実行しました。元のファイルは 履歴ﾌｧｲﾙ "C:\Users\sasahara\source\repos\SasaLibDNet8\SasaLibDNet8.SysConfigurator\スタンドアロンAutoCAD設定インストール\AM2025テンプレート・図枠・表題欄など取得.Conf_2022-09-02_000000.Applied" として保存しました
181703 ■Addin追加ｺﾝﾄﾛｰﾙﾌｧｲﾙ 処理を終了します
181718 
181718 ■ファイル取得指示が 26 件あります。
181718 ■コメント "[1.1]テンプレートファイル"
181718 ■ﾛｰｶﾙｻｲﾄﾞ:"%LOCALAPPDATA%\Autodesk\AutoCAD Mechanical 2025\R24.1\jpn\Acadm\Template\am_JIS-TOYO.dwt"
181718 ■-> 環境変数展開後:"C:\Users\sasahara\AppData\Local\Autodesk\AutoCAD Mechanical 2025\R24.1\jpn\Acadm\Template\am_JIS-TOYO.dwt"
181718 ■ｻｰﾊﾞｰｻｲﾄﾞ:C:\ProgramData\TOYOCOMMON\Autocad\Template\am2025_JIS-TOYO.dwt
 -> テンポラリファイル:C:\Users\sasahara\AppData\Local\Temp\XML_Control.GetFiles_btds25rq.5bvとして取得成功
181718 ■ディレクトリ "C:\Users\sasahara\AppData\Local\Autodesk\AutoCAD Mechanical 2025\R24.1\jpn\Acadm\Template" は既に存在しています。処理を続けます
181718 ■ﾛｰｶﾙｻｲﾄﾞ:C:\Users\sasahara\AppData\Local\Autodesk\AutoCAD Mechanical 2025\R24.1\jpn\Acadm\Template\am_JIS-TOYO.dwt を 上書きするモードです.既存ﾌｧｲﾙを削除しました
181718 ■テンポラリ:C:\Users\sasahara\AppData\Local\Temp\XML_Control.GetFiles_btds25rq.5bv -> ﾛｰｶﾙｻｲﾄﾞ:C:\Users\sasahara\AppData\Local\Autodesk\AutoCAD Mechanical 2025\R24.1\jpn\Acadm\Template\am_JIS-TOYO.dwt 移動成功
181718 ■コメント "[1.2]テンプレートファイル TOYO-PageSetUP.dwt"
181718 ■ﾛｰｶﾙｻｲﾄﾞ:"%LOCALAPPDATA%\Autodesk\AutoCAD Mechanical 2025\R25.0\jpn\Acadm\Template\TOYO-PageSetUP.dwt"
181718 ■-> 環境変数展開後:"C:\Users\sasahara\AppData\Local\Autodesk\AutoCAD Mechanical 2025\R25.0\jpn\Acadm\Template\TOYO-PageSetUP.dwt"
181718 ■ｻｰﾊﾞｰｻｲﾄﾞ:C:\ProgramData\TOYOCOMMON\Autocad\Template\am2025_TOYO-PageSetUP.dwt
 -> テンポラリファイル:C:\Users\sasahara\AppData\Local\Temp\XML_Control.GetFiles_0aoflwoq.arnとして取得成功
181718 ■ディレクトリ "C:\Users\sasahara\AppData\Local\Autodesk\AutoCAD Mechanical 2025\R25.0\jpn\Acadm\Template" は既に存在しています。処理を続けます
181718 ■ﾛｰｶﾙｻｲﾄﾞ:C:\Users\sasahara\AppData\Local\Autodesk\AutoCAD Mechanical 2025\R25.0\jpn\Acadm\Template\TOYO-PageSetUP.dwt を 上書きするモードです.既存ﾌｧｲﾙを削除しました
181718 ■テンポラリ:C:\Users\sasahara\AppData\Local\Temp\XML_Control.GetFiles_0aoflwoq.arn -> ﾛｰｶﾙｻｲﾄﾞ:C:\Users\sasahara\AppData\Local\Autodesk\AutoCAD Mechanical 2025\R25.0\jpn\Acadm\Template\TOYO-PageSetUP.dwt 移動成功
181718 ■コメント "[1.3]テンプレートファイル am2025_トレサビリティマトリックス説明図用.dwt"
181718 ■ﾛｰｶﾙｻｲﾄﾞ:"%LOCALAPPDATA%\Autodesk\AutoCAD Mechanical 2025\R25.0\jpn\Acadm\Template\am2025_トレサビリティマトリックス説明図用.dwt"
181718 ■-> 環境変数展開後:"C:\Users\sasahara\AppData\Local\Autodesk\AutoCAD Mechanical 2025\R25.0\jpn\Acadm\Template\am2025_トレサビリティマトリックス説明図用.dwt"
181718 ■ｻｰﾊﾞｰｻｲﾄﾞ:C:\ProgramData\TOYOCOMMON\Autocad\Template\am2025_トレサビリティマトリックス説明図用.dwt
 -> テンポラリファイル:C:\Users\sasahara\AppData\Local\Temp\XML_Control.GetFiles_bejihohk.ocoとして取得成功
181718 ■ディレクトリ "C:\Users\sasahara\AppData\Local\Autodesk\AutoCAD Mechanical 2025\R25.0\jpn\Acadm\Template" は既に存在しています。処理を続けます
181718 ■ﾛｰｶﾙｻｲﾄﾞ:C:\Users\sasahara\AppData\Local\Autodesk\AutoCAD Mechanical 2025\R25.0\jpn\Acadm\Template\am2025_トレサビリティマトリックス説明図用.dwt を 上書きするモードです.既存ﾌｧｲﾙを削除しました
181718 ■テンポラリ:C:\Users\sasahara\AppData\Local\Temp\XML_Control.GetFiles_bejihohk.oco -> ﾛｰｶﾙｻｲﾄﾞ:C:\Users\sasahara\AppData\Local\Autodesk\AutoCAD Mechanical 2025\R25.0\jpn\Acadm\Template\am2025_トレサビリティマトリックス説明図用.dwt 移動成功
181718 ■コメント "[2.1]部品図用表題欄"
181718 ■ﾛｰｶﾙｻｲﾄﾞ:"%PUBLIC%\Documents\Autodesk\AutoCAD Mechanical 2025\Acadm\Gen\Dwg\Title\TOYO\TOYO-TYPE A.dwg"
181718 ■-> 環境変数展開後:"C:\Users\Public\Documents\Autodesk\AutoCAD Mechanical 2025\Acadm\Gen\Dwg\Title\TOYO\TOYO-TYPE A.dwg"
181718 ■ｻｰﾊﾞｰｻｲﾄﾞ:C:\ProgramData\TOYOCOMMON\Autocad\TITLE\Title_2025_TOYO-TYPE A.dwg
 -> テンポラリファイル:C:\Users\sasahara\AppData\Local\Temp\XML_Control.GetFiles_miccrxbe.jviとして取得成功
181718 ■ディレクトリ "C:\Users\Public\Documents\Autodesk\AutoCAD Mechanical 2025\Acadm\Gen\Dwg\Title\TOYO" は既に存在しています。処理を続けます
181718 ■ﾛｰｶﾙｻｲﾄﾞ:C:\Users\Public\Documents\Autodesk\AutoCAD Mechanical 2025\Acadm\Gen\Dwg\Title\TOYO\TOYO-TYPE A.dwg を 上書きするモードです.既存ﾌｧｲﾙを削除しました
181718 ■テンポラリ:C:\Users\sasahara\AppData\Local\Temp\XML_Control.GetFiles_miccrxbe.jvi -> ﾛｰｶﾙｻｲﾄﾞ:C:\Users\Public\Documents\Autodesk\AutoCAD Mechanical 2025\Acadm\Gen\Dwg\Title\TOYO\TOYO-TYPE A.dwg 移動成功
181718 ■コメント "[2.2]組立図レイアウト図用表題欄"
181718 ■ﾛｰｶﾙｻｲﾄﾞ:"%PUBLIC%\Documents\Autodesk\AutoCAD Mechanical 2025\Acadm\Gen\Dwg\Title\TOYO\TOYO-TYPE B.dwg"
181718 ■-> 環境変数展開後:"C:\Users\Public\Documents\Autodesk\AutoCAD Mechanical 2025\Acadm\Gen\Dwg\Title\TOYO\TOYO-TYPE B.dwg"
181718 ■ｻｰﾊﾞｰｻｲﾄﾞ:C:\ProgramData\TOYOCOMMON\Autocad\TITLE\Title_2025_TOYO-TYPE B.dwg
 -> テンポラリファイル:C:\Users\sasahara\AppData\Local\Temp\XML_Control.GetFiles_xwbrqlah.hb1として取得成功
181718 ■ディレクトリ "C:\Users\Public\Documents\Autodesk\AutoCAD Mechanical 2025\Acadm\Gen\Dwg\Title\TOYO" は既に存在しています。処理を続けます
181718 ■ﾛｰｶﾙｻｲﾄﾞ:C:\Users\Public\Documents\Autodesk\AutoCAD Mechanical 2025\Acadm\Gen\Dwg\Title\TOYO\TOYO-TYPE B.dwg を 上書きするモードです.既存ﾌｧｲﾙを削除しました
181718 ■テンポラリ:C:\Users\sasahara\AppData\Local\Temp\XML_Control.GetFiles_xwbrqlah.hb1 -> ﾛｰｶﾙｻｲﾄﾞ:C:\Users\Public\Documents\Autodesk\AutoCAD Mechanical 2025\Acadm\Gen\Dwg\Title\TOYO\TOYO-TYPE B.dwg 移動成功
181718 ■コメント "[2.3]テーブル部品図用表題欄"
181718 ■ﾛｰｶﾙｻｲﾄﾞ:"%PUBLIC%\Documents\Autodesk\AutoCAD Mechanical 2025\Acadm\Gen\Dwg\Title\TOYO\TOYO-TYPE-テーブル.dwg"
181718 ■-> 環境変数展開後:"C:\Users\Public\Documents\Autodesk\AutoCAD Mechanical 2025\Acadm\Gen\Dwg\Title\TOYO\TOYO-TYPE-テーブル.dwg"
181718 ■ｻｰﾊﾞｰｻｲﾄﾞ:C:\ProgramData\TOYOCOMMON\Autocad\TITLE\Title_2025_TOYO-TYPE-テーブル.dwg
 -> テンポラリファイル:C:\Users\sasahara\AppData\Local\Temp\XML_Control.GetFiles_0kasidua.0egとして取得成功
181718 ■ディレクトリ "C:\Users\Public\Documents\Autodesk\AutoCAD Mechanical 2025\Acadm\Gen\Dwg\Title\TOYO" は既に存在しています。処理を続けます
181718 ■ﾛｰｶﾙｻｲﾄﾞ:C:\Users\Public\Documents\Autodesk\AutoCAD Mechanical 2025\Acadm\Gen\Dwg\Title\TOYO\TOYO-TYPE-テーブル.dwg を 上書きするモードです.既存ﾌｧｲﾙを削除しました
181718 ■テンポラリ:C:\Users\sasahara\AppData\Local\Temp\XML_Control.GetFiles_0kasidua.0eg -> ﾛｰｶﾙｻｲﾄﾞ:C:\Users\Public\Documents\Autodesk\AutoCAD Mechanical 2025\Acadm\Gen\Dwg\Title\TOYO\TOYO-TYPE-テーブル.dwg 移動成功
181718 ■コメント "[2.4]薄板部品図用表題欄"
181718 ■ﾛｰｶﾙｻｲﾄﾞ:"%PUBLIC%\Documents\Autodesk\AutoCAD Mechanical 2025\Acadm\Gen\Dwg\Title\TOYO\TOYO-TYPE-薄板.dwg"
181718 ■-> 環境変数展開後:"C:\Users\Public\Documents\Autodesk\AutoCAD Mechanical 2025\Acadm\Gen\Dwg\Title\TOYO\TOYO-TYPE-薄板.dwg"
181718 ■ｻｰﾊﾞｰｻｲﾄﾞ:C:\ProgramData\TOYOCOMMON\Autocad\TITLE\Title_2025_TOYO-TYPE-薄板.dwg
 -> テンポラリファイル:C:\Users\sasahara\AppData\Local\Temp\XML_Control.GetFiles_lxhya5d2.o3oとして取得成功
181718 ■ディレクトリ "C:\Users\Public\Documents\Autodesk\AutoCAD Mechanical 2025\Acadm\Gen\Dwg\Title\TOYO" は既に存在しています。処理を続けます
181718 ■ﾛｰｶﾙｻｲﾄﾞ:C:\Users\Public\Documents\Autodesk\AutoCAD Mechanical 2025\Acadm\Gen\Dwg\Title\TOYO\TOYO-TYPE-薄板.dwg を 上書きするモードです.既存ﾌｧｲﾙを削除しました
181718 ■テンポラリ:C:\Users\sasahara\AppData\Local\Temp\XML_Control.GetFiles_lxhya5d2.o3o -> ﾛｰｶﾙｻｲﾄﾞ:C:\Users\Public\Documents\Autodesk\AutoCAD Mechanical 2025\Acadm\Gen\Dwg\Title\TOYO\TOYO-TYPE-薄板.dwg 移動成功
181718 ■コメント "[3.1]図面シートフォーマット 組立・レイアウト図用 A0横"
181718 ■ﾛｰｶﾙｻｲﾄﾞ:"%PUBLIC%\Documents\Autodesk\AutoCAD Mechanical 2025\Acadm\Gen\Dwg\Format\TOYO\TOYO-A0L-ASSY.dwg"
181718 ■-> 環境変数展開後:"C:\Users\Public\Documents\Autodesk\AutoCAD Mechanical 2025\Acadm\Gen\Dwg\Format\TOYO\TOYO-A0L-ASSY.dwg"
181718 ■ｻｰﾊﾞｰｻｲﾄﾞ:C:\ProgramData\TOYOCOMMON\Autocad\Format\Format_2025_TOYO-A0L-ASSY.dwg
 -> テンポラリファイル:C:\Users\sasahara\AppData\Local\Temp\XML_Control.GetFiles_tvrx1oyu.4fdとして取得成功
181718 ■ディレクトリ "C:\Users\Public\Documents\Autodesk\AutoCAD Mechanical 2025\Acadm\Gen\Dwg\Format\TOYO" は既に存在しています。処理を続けます
181718 ■ﾛｰｶﾙｻｲﾄﾞ:C:\Users\Public\Documents\Autodesk\AutoCAD Mechanical 2025\Acadm\Gen\Dwg\Format\TOYO\TOYO-A0L-ASSY.dwg を 上書きするモードです.既存ﾌｧｲﾙを削除しました
181718 ■テンポラリ:C:\Users\sasahara\AppData\Local\Temp\XML_Control.GetFiles_tvrx1oyu.4fd -> ﾛｰｶﾙｻｲﾄﾞ:C:\Users\Public\Documents\Autodesk\AutoCAD Mechanical 2025\Acadm\Gen\Dwg\Format\TOYO\TOYO-A0L-ASSY.dwg 移動成功
181718 ■コメント "[3.2]図面シートフォーマット 部品図用 A0横"
181718 ■ﾛｰｶﾙｻｲﾄﾞ:"%PUBLIC%\Documents\Autodesk\AutoCAD Mechanical 2025\Acadm\Gen\Dwg\Format\TOYO\TOYO-A0L-PARTS.dwg"
181718 ■-> 環境変数展開後:"C:\Users\Public\Documents\Autodesk\AutoCAD Mechanical 2025\Acadm\Gen\Dwg\Format\TOYO\TOYO-A0L-PARTS.dwg"
181718 ■-> 環境変数展開後:"C:\Users\Public\Documents\Autodesk\AutoCAD Mechanical 2025\Acadm\Gen\Dwg\Format\TOYO\TOYO-A0L-PARTS.dwg"
181718 ■ｻｰﾊﾞｰｻｲﾄﾞ:C:\ProgramData\TOYOCOMMON\Autocad\Format\Format_2025_TOYO-A0L-PARTS.dwg
 -> テンポラリファイル:C:\Users\sasahara\AppData\Local\Temp\XML_Control.GetFiles_riztsxla.ihmとして取得成功
181718 ■ディレクトリ "C:\Users\Public\Documents\Autodesk\AutoCAD Mechanical 2025\Acadm\Gen\Dwg\Format\TOYO" は既に存在しています。処理を続けます
181718 ■ﾛｰｶﾙｻｲﾄﾞ:C:\Users\Public\Documents\Autodesk\AutoCAD Mechanical 2025\Acadm\Gen\Dwg\Format\TOYO\TOYO-A0L-PARTS.dwg を 上書きするモードです.既存ﾌｧｲﾙを削除しました
181718 ■テンポラリ:C:\Users\sasahara\AppData\Local\Temp\XML_Control.GetFiles_riztsxla.ihm -> ﾛｰｶﾙｻｲﾄﾞ:C:\Users\Public\Documents\Autodesk\AutoCAD Mechanical 2025\Acadm\Gen\Dwg\Format\TOYO\TOYO-A0L-PARTS.dwg 移動成功
181718 ■コメント "[3.3]図面シートフォーマット 組立・レイアウト図用 A1横"
181718 ■ﾛｰｶﾙｻｲﾄﾞ:"%PUBLIC%\Documents\Autodesk\AutoCAD Mechanical 2025\Acadm\Gen\Dwg\Format\TOYO\TOYO-A1L-ASSY.dwg"
181718 ■-> 環境変数展開後:"C:\Users\Public\Documents\Autodesk\AutoCAD Mechanical 2025\Acadm\Gen\Dwg\Format\TOYO\TOYO-A1L-ASSY.dwg"
181718 ■ｻｰﾊﾞｰｻｲﾄﾞ:C:\ProgramData\TOYOCOMMON\Autocad\Format\Format_2025_TOYO-A1L-ASSY.dwg
 -> テンポラリファイル:C:\Users\sasahara\AppData\Local\Temp\XML_Control.GetFiles_14qneqlx.ch5として取得成功
181718 ■ディレクトリ "C:\Users\Public\Documents\Autodesk\AutoCAD Mechanical 2025\Acadm\Gen\Dwg\Format\TOYO" は既に存在しています。処理を続けます
181718 ■ﾛｰｶﾙｻｲﾄﾞ:C:\Users\Public\Documents\Autodesk\AutoCAD Mechanical 2025\Acadm\Gen\Dwg\Format\TOYO\TOYO-A1L-ASSY.dwg を 上書きするモードです.既存ﾌｧｲﾙを削除しました
181718 ■テンポラリ:C:\Users\sasahara\AppData\Local\Temp\XML_Control.GetFiles_14qneqlx.ch5 -> ﾛｰｶﾙｻｲﾄﾞ:C:\Users\Public\Documents\Autodesk\AutoCAD Mechanical 2025\Acadm\Gen\Dwg\Format\TOYO\TOYO-A1L-ASSY.dwg 移動成功
181718 ■コメント "[3.4]図面シートフォーマット 部品図用 A1横"
181718 ■ﾛｰｶﾙｻｲﾄﾞ:"%PUBLIC%\Documents\Autodesk\AutoCAD Mechanical 2025\Acadm\Gen\Dwg\Format\TOYO\TOYO-A1L-PARTS.dwg"
181718 ■-> 環境変数展開後:"C:\Users\Public\Documents\Autodesk\AutoCAD Mechanical 2025\Acadm\Gen\Dwg\Format\TOYO\TOYO-A1L-PARTS.dwg"
181718 ■ｻｰﾊﾞｰｻｲﾄﾞ:C:\ProgramData\TOYOCOMMON\Autocad\Format\Format_2025_TOYO-A1L-PARTS.dwg
 -> テンポラリファイル:C:\Users\sasahara\AppData\Local\Temp\XML_Control.GetFiles_h4xpoyhs.dbeとして取得成功
181718 ■ディレクトリ "C:\Users\Public\Documents\Autodesk\AutoCAD Mechanical 2025\Acadm\Gen\Dwg\Format\TOYO" は既に存在しています。処理を続けます
181718 ■ﾛｰｶﾙｻｲﾄﾞ:C:\Users\Public\Documents\Autodesk\AutoCAD Mechanical 2025\Acadm\Gen\Dwg\Format\TOYO\TOYO-A1L-PARTS.dwg を 上書きするモードです.既存ﾌｧｲﾙを削除しました
181718 ■テンポラリ:C:\Users\sasahara\AppData\Local\Temp\XML_Control.GetFiles_h4xpoyhs.dbe -> ﾛｰｶﾙｻｲﾄﾞ:C:\Users\Public\Documents\Autodesk\AutoCAD Mechanical 2025\Acadm\Gen\Dwg\Format\TOYO\TOYO-A1L-PARTS.dwg 移動成功
181718 ■コメント "[3.5]図面シートフォーマット 組立・レイアウト図用 A2横"
181718 ■ﾛｰｶﾙｻｲﾄﾞ:"%PUBLIC%\Documents\Autodesk\AutoCAD Mechanical 2025\Acadm\Gen\Dwg\Format\TOYO\TOYO-A2L-ASSY.dwg"
181718 ■-> 環境変数展開後:"C:\Users\Public\Documents\Autodesk\AutoCAD Mechanical 2025\Acadm\Gen\Dwg\Format\TOYO\TOYO-A2L-ASSY.dwg"
181718 ■ｻｰﾊﾞｰｻｲﾄﾞ:C:\ProgramData\TOYOCOMMON\Autocad\Format\Format_2025_TOYO-A2L-ASSY.dwg
 -> テンポラリファイル:C:\Users\sasahara\AppData\Local\Temp\XML_Control.GetFiles_b3uqgapj.ftxとして取得成功
181718 ■ディレクトリ "C:\Users\Public\Documents\Autodesk\AutoCAD Mechanical 2025\Acadm\Gen\Dwg\Format\TOYO" は既に存在しています。処理を続けます
181718 ■ﾛｰｶﾙｻｲﾄﾞ:C:\Users\Public\Documents\Autodesk\AutoCAD Mechanical 2025\Acadm\Gen\Dwg\Format\TOYO\TOYO-A2L-ASSY.dwg を 上書きするモードです.既存ﾌｧｲﾙを削除しました
181718 ■テンポラリ:C:\Users\sasahara\AppData\Local\Temp\XML_Control.GetFiles_b3uqgapj.ftx -> ﾛｰｶﾙｻｲﾄﾞ:C:\Users\Public\Documents\Autodesk\AutoCAD Mechanical 2025\Acadm\Gen\Dwg\Format\TOYO\TOYO-A2L-ASSY.dwg 移動成功
181718 ■コメント "[3.6]図面シートフォーマット 部品図用 A2横"
181718 ■ﾛｰｶﾙｻｲﾄﾞ:"%PUBLIC%\Documents\Autodesk\AutoCAD Mechanical 2025\Acadm\Gen\Dwg\Format\TOYO\TOYO-A2L-PARTS.dwg"
181718 ■-> 環境変数展開後:"C:\Users\Public\Documents\Autodesk\AutoCAD Mechanical 2025\Acadm\Gen\Dwg\Format\TOYO\TOYO-A2L-PARTS.dwg"
181718 ■ｻｰﾊﾞｰｻｲﾄﾞ:C:\ProgramData\TOYOCOMMON\Autocad\Format\Format_2025_TOYO-A2L-PARTS.dwg
 -> テンポラリファイル:C:\Users\sasahara\AppData\Local\Temp\XML_Control.GetFiles_3oh1hp3p.skmとして取得成功
181718 ■ディレクトリ "C:\Users\Public\Documents\Autodesk\AutoCAD Mechanical 2025\Acadm\Gen\Dwg\Format\TOYO" は既に存在しています。処理を続けます
181718 ■ﾛｰｶﾙｻｲﾄﾞ:C:\Users\Public\Documents\Autodesk\AutoCAD Mechanical 2025\Acadm\Gen\Dwg\Format\TOYO\TOYO-A2L-PARTS.dwg を 上書きするモードです.既存ﾌｧｲﾙを削除しました
181718 ■テンポラリ:C:\Users\sasahara\AppData\Local\Temp\XML_Control.GetFiles_3oh1hp3p.skm -> ﾛｰｶﾙｻｲﾄﾞ:C:\Users\Public\Documents\Autodesk\AutoCAD Mechanical 2025\Acadm\Gen\Dwg\Format\TOYO\TOYO-A2L-PARTS.dwg 移動成功
181718 ■コメント "[3.7]図面シートフォーマット 組立・レイアウト図用 A3横"
181718 ■ﾛｰｶﾙｻｲﾄﾞ:"%PUBLIC%\Documents\Autodesk\AutoCAD Mechanical 2025\Acadm\Gen\Dwg\Format\TOYO\TOYO-A3L-ASSY.dwg"
181718 ■-> 環境変数展開後:"C:\Users\Public\Documents\Autodesk\AutoCAD Mechanical 2025\Acadm\Gen\Dwg\Format\TOYO\TOYO-A3L-ASSY.dwg"
181718 ■ｻｰﾊﾞｰｻｲﾄﾞ:C:\ProgramData\TOYOCOMMON\Autocad\Format\Format_2025_TOYO-A3L-ASSY.dwg
 -> テンポラリファイル:C:\Users\sasahara\AppData\Local\Temp\XML_Control.GetFiles_d5eyd5jz.3xuとして取得成功
181718 ■ディレクトリ "C:\Users\Public\Documents\Autodesk\AutoCAD Mechanical 2025\Acadm\Gen\Dwg\Format\TOYO" は既に存在しています。処理を続けます
181718 ■ﾛｰｶﾙｻｲﾄﾞ:C:\Users\Public\Documents\Autodesk\AutoCAD Mechanical 2025\Acadm\Gen\Dwg\Format\TOYO\TOYO-A3L-ASSY.dwg を 上書きするモードです.既存ﾌｧｲﾙを削除しました
181718 ■テンポラリ:C:\Users\sasahara\AppData\Local\Temp\XML_Control.GetFiles_d5eyd5jz.3xu -> ﾛｰｶﾙｻｲﾄﾞ:C:\Users\Public\Documents\Autodesk\AutoCAD Mechanical 2025\Acadm\Gen\Dwg\Format\TOYO\TOYO-A3L-ASSY.dwg 移動成功
181718 ■コメント "[3.8]図面シートフォーマット 部品図用 A3横"
181718 ■ﾛｰｶﾙｻｲﾄﾞ:"%PUBLIC%\Documents\Autodesk\AutoCAD Mechanical 2025\Acadm\Gen\Dwg\Format\TOYO\TOYO-A3L-PARTS.dwg"
181718 ■-> 環境変数展開後:"C:\Users\Public\Documents\Autodesk\AutoCAD Mechanical 2025\Acadm\Gen\Dwg\Format\TOYO\TOYO-A3L-PARTS.dwg"
181718 ※ｻｰﾊﾞｰｻｲﾄﾞ:C:\ProgramData\TOYOCOMMON\Autocad\Format\Format_2025_TOYO-A3L-PARTS.dwg -> テンポラリ:C:\Users\sasahara\AppData\Local\Temp\XML_Control.GetFiles_tohbudkl.x00 取得失敗(2)。処理を続けられませんスキップします
181718 ■コメント "[3.9]図面シートフォーマット 組立・レイアウト図用 A4縦"
181718 ■ﾛｰｶﾙｻｲﾄﾞ:"%PUBLIC%\Documents\Autodesk\AutoCAD Mechanical 2025\Acadm\Gen\Dwg\Format\TOYO\TOYO-A4R-ASSY.dwg"
181718 ■-> 環境変数展開後:"C:\Users\Public\Documents\Autodesk\AutoCAD Mechanical 2025\Acadm\Gen\Dwg\Format\TOYO\TOYO-A4R-ASSY.dwg"
181718 ※ｻｰﾊﾞｰｻｲﾄﾞ:C:\ProgramData\TOYOCOMMON\Autocad\Format\Format_2025_TOYO-A4R-ASSY.dwg -> テンポラリ:C:\Users\sasahara\AppData\Local\Temp\XML_Control.GetFiles_shvpe3l5.ldx 取得失敗(2)。処理を続けられませんスキップします
181718 ■コメント "[3.10]図面シートフォーマット 部品図用 A4縦"
181718 ■ﾛｰｶﾙｻｲﾄﾞ:"%PUBLIC%\Documents\Autodesk\AutoCAD Mechanical 2025\Acadm\Gen\Dwg\Format\TOYO\TOYO-A4R-PARTS.dwg"
181718 ■-> 環境変数展開後:"C:\Users\Public\Documents\Autodesk\AutoCAD Mechanical 2025\Acadm\Gen\Dwg\Format\TOYO\TOYO-A4R-PARTS.dwg"
181718 ※ｻｰﾊﾞｰｻｲﾄﾞ:C:\ProgramData\TOYOCOMMON\Autocad\Format\Format_2025_TOYO-A4R-PARTS.dwg -> テンポラリ:C:\Users\sasahara\AppData\Local\Temp\XML_Control.GetFiles_gz1253u0.0i1 取得失敗(2)。処理を続けられませんスキップします
181718 ■コメント "[4.1]ﾘﾋﾞｼﾞｮﾝテーブル"
181718 ■ﾛｰｶﾙｻｲﾄﾞ:"%PUBLIC%\Documents\Autodesk\AutoCAD Mechanical 2025\Acadm\Gen\Dwg\Revisionlist\TOYO\TOYO_REVLIST.dwg"
181718 ■-> 環境変数展開後:"C:\Users\Public\Documents\Autodesk\AutoCAD Mechanical 2025\Acadm\Gen\Dwg\Revisionlist\TOYO\TOYO_REVLIST.dwg"
181718 ■ｻｰﾊﾞｰｻｲﾄﾞ:C:\ProgramData\TOYOCOMMON\Autocad\Revisionlist\Revisionlist_2025_TOYO_REVLIST.dwg
 -> テンポラリファイル:C:\Users\sasahara\AppData\Local\Temp\XML_Control.GetFiles_xli0oqh4.ntbとして取得成功
181718 ■ディレクトリ "C:\Users\Public\Documents\Autodesk\AutoCAD Mechanical 2025\Acadm\Gen\Dwg\Revisionlist\TOYO" は既に存在しています。処理を続けます
181718 ■ﾛｰｶﾙｻｲﾄﾞ:C:\Users\Public\Documents\Autodesk\AutoCAD Mechanical 2025\Acadm\Gen\Dwg\Revisionlist\TOYO\TOYO_REVLIST.dwg を 上書きするモードです.既存ﾌｧｲﾙを削除しました
181718 ■テンポラリ:C:\Users\sasahara\AppData\Local\Temp\XML_Control.GetFiles_xli0oqh4.ntb -> ﾛｰｶﾙｻｲﾄﾞ:C:\Users\Public\Documents\Autodesk\AutoCAD Mechanical 2025\Acadm\Gen\Dwg\Revisionlist\TOYO\TOYO_REVLIST.dwg 移動成功
181718 ■コメント "[5.1] PC3 Files"
181718 ■ﾛｰｶﾙｻｲﾄﾞ:"%APPDATA%\Autodesk\AutoCAD Mechanical 2025\R25.0\jpn\Plotters\LocalTiffPrinter.pc3"
181718 ■-> 環境変数展開後:"C:\Users\sasahara\AppData\Roaming\Autodesk\AutoCAD Mechanical 2025\R25.0\jpn\Plotters\LocalTiffPrinter.pc3"
181718 ■ｻｰﾊﾞｰｻｲﾄﾞ:C:\ProgramData\TOYOCOMMON\Autocad\Plotters\LocalTiffPrinter.pc3
 -> テンポラリファイル:C:\Users\sasahara\AppData\Local\Temp\XML_Control.GetFiles_axk3jj5t.lnpとして取得成功
181718 ■ディレクトリ "C:\Users\sasahara\AppData\Roaming\Autodesk\AutoCAD Mechanical 2025\R25.0\jpn\Plotters" は既に存在しています。処理を続けます
181718 ■ﾛｰｶﾙｻｲﾄﾞ:C:\Users\sasahara\AppData\Roaming\Autodesk\AutoCAD Mechanical 2025\R25.0\jpn\Plotters\LocalTiffPrinter.pc3 を 上書きするモードです.既存ﾌｧｲﾙを削除しました
181718 ■テンポラリ:C:\Users\sasahara\AppData\Local\Temp\XML_Control.GetFiles_axk3jj5t.lnp -> ﾛｰｶﾙｻｲﾄﾞ:C:\Users\sasahara\AppData\Roaming\Autodesk\AutoCAD Mechanical 2025\R25.0\jpn\Plotters\LocalTiffPrinter.pc3 移動成功
181718 ■コメント "[5.2] PC3 Files"
181718 ■ﾛｰｶﾙｻｲﾄﾞ:"%APPDATA%\Autodesk\AutoCAD Mechanical 2025\R25.0\jpn\Plotters\AutoCAD (A0-A4) DocuWide 6055.pc3"
181718 ■-> 環境変数展開後:"C:\Users\sasahara\AppData\Roaming\Autodesk\AutoCAD Mechanical 2025\R25.0\jpn\Plotters\AutoCAD (A0-A4) DocuWide 6055.pc3"
181718 ■ｻｰﾊﾞｰｻｲﾄﾞ:C:\ProgramData\TOYOCOMMON\Autocad\Plotters\AutoCAD (A0-A4) DocuWide 6055.pc3
 -> テンポラリファイル:C:\Users\sasahara\AppData\Local\Temp\XML_Control.GetFiles_j1s5ee0l.1uqとして取得成功
181718 ■ディレクトリ "C:\Users\sasahara\AppData\Roaming\Autodesk\AutoCAD Mechanical 2025\R25.0\jpn\Plotters" は既に存在しています。処理を続けます
181718 ■ﾛｰｶﾙｻｲﾄﾞ:C:\Users\sasahara\AppData\Roaming\Autodesk\AutoCAD Mechanical 2025\R25.0\jpn\Plotters\AutoCAD (A0-A4) DocuWide 6055.pc3 を 上書きするモードです.既存ﾌｧｲﾙを削除しました
181718 ■テンポラリ:C:\Users\sasahara\AppData\Local\Temp\XML_Control.GetFiles_j1s5ee0l.1uq -> ﾛｰｶﾙｻｲﾄﾞ:C:\Users\sasahara\AppData\Roaming\Autodesk\AutoCAD Mechanical 2025\R25.0\jpn\Plotters\AutoCAD (A0-A4) DocuWide 6055.pc3 移動成功
181718 ■コメント "[6.1] Plot Styles"
181718 ■ﾛｰｶﾙｻｲﾄﾞ:"%APPDATA%\Autodesk\AutoCAD Mechanical 2025\R25.0\jpn\Plotters\Plot Styles\TOYO標準ペン設定.ctb"
181718 ■-> 環境変数展開後:"C:\Users\sasahara\AppData\Roaming\Autodesk\AutoCAD Mechanical 2025\R25.0\jpn\Plotters\Plot Styles\TOYO標準ペン設定.ctb"
181718 ■ｻｰﾊﾞｰｻｲﾄﾞ:C:\ProgramData\TOYOCOMMON\Autocad\Plotters\Plot Styles\TOYO標準ペン設定.ctb
 -> テンポラリファイル:C:\Users\sasahara\AppData\Local\Temp\XML_Control.GetFiles_eanlqn3o.h4zとして取得成功
181718 ■ディレクトリ "C:\Users\sasahara\AppData\Roaming\Autodesk\AutoCAD Mechanical 2025\R25.0\jpn\Plotters\Plot Styles" は既に存在しています。処理を続けます
181718 ■ﾛｰｶﾙｻｲﾄﾞ:C:\Users\sasahara\AppData\Roaming\Autodesk\AutoCAD Mechanical 2025\R25.0\jpn\Plotters\Plot Styles\TOYO標準ペン設定.ctb を 上書きするモードです.既存ﾌｧｲﾙを削除しました
181718 ■テンポラリ:C:\Users\sasahara\AppData\Local\Temp\XML_Control.GetFiles_eanlqn3o.h4z -> ﾛｰｶﾙｻｲﾄﾞ:C:\Users\sasahara\AppData\Roaming\Autodesk\AutoCAD Mechanical 2025\R25.0\jpn\Plotters\Plot Styles\TOYO標準ペン設定.ctb 移動成功
181718 ■コメント "[6.2] Plot Styles"
181718 ■ﾛｰｶﾙｻｲﾄﾞ:"%APPDATA%\Autodesk\AutoCAD Mechanical 2025\R25.0\jpn\Plotters\Plot Styles\TOYO細線ペン設定.ctb"
181718 ■-> 環境変数展開後:"C:\Users\sasahara\AppData\Roaming\Autodesk\AutoCAD Mechanical 2025\R25.0\jpn\Plotters\Plot Styles\TOYO細線ペン設定.ctb"
181718 ■ｻｰﾊﾞｰｻｲﾄﾞ:C:\ProgramData\TOYOCOMMON\Autocad\Plotters\Plot Styles\TOYO細線ペン設定.ctb
 -> テンポラリファイル:C:\Users\sasahara\AppData\Local\Temp\XML_Control.GetFiles_ev5jhdml.uvjとして取得成功
181718 ■ディレクトリ "C:\Users\sasahara\AppData\Roaming\Autodesk\AutoCAD Mechanical 2025\R25.0\jpn\Plotters\Plot Styles" は既に存在しています。処理を続けます
181718 ■ﾛｰｶﾙｻｲﾄﾞ:C:\Users\sasahara\AppData\Roaming\Autodesk\AutoCAD Mechanical 2025\R25.0\jpn\Plotters\Plot Styles\TOYO細線ペン設定.ctb を 上書きするモードです.既存ﾌｧｲﾙを削除しました
181718 ■テンポラリ:C:\Users\sasahara\AppData\Local\Temp\XML_Control.GetFiles_ev5jhdml.uvj -> ﾛｰｶﾙｻｲﾄﾞ:C:\Users\sasahara\AppData\Roaming\Autodesk\AutoCAD Mechanical 2025\R25.0\jpn\Plotters\Plot Styles\TOYO細線ペン設定.ctb 移動成功
181718 ■コメント "[6.3] Plot Styles"
181718 ■ﾛｰｶﾙｻｲﾄﾞ:"%APPDATA%\Autodesk\AutoCAD Mechanical 2025\R25.0\jpn\Plotters\Plot Styles\LocalTiffPrinter.ctb"
181718 ■-> 環境変数展開後:"C:\Users\sasahara\AppData\Roaming\Autodesk\AutoCAD Mechanical 2025\R25.0\jpn\Plotters\Plot Styles\LocalTiffPrinter.ctb"
181718 ■ｻｰﾊﾞｰｻｲﾄﾞ:C:\ProgramData\TOYOCOMMON\Autocad\Plotters\Plot Styles\LocalTiffPrinter.ctb
 -> テンポラリファイル:C:\Users\sasahara\AppData\Local\Temp\XML_Control.GetFiles_qpcj1znx.qjcとして取得成功
181718 ■ディレクトリ "C:\Users\sasahara\AppData\Roaming\Autodesk\AutoCAD Mechanical 2025\R25.0\jpn\Plotters\Plot Styles" は既に存在しています。処理を続けます
181718 ■ﾛｰｶﾙｻｲﾄﾞ:C:\Users\sasahara\AppData\Roaming\Autodesk\AutoCAD Mechanical 2025\R25.0\jpn\Plotters\Plot Styles\LocalTiffPrinter.ctb を 上書きするモードです.既存ﾌｧｲﾙを削除しました
181718 ■テンポラリ:C:\Users\sasahara\AppData\Local\Temp\XML_Control.GetFiles_qpcj1znx.qjc -> ﾛｰｶﾙｻｲﾄﾞ:C:\Users\sasahara\AppData\Roaming\Autodesk\AutoCAD Mechanical 2025\R25.0\jpn\Plotters\Plot Styles\LocalTiffPrinter.ctb 移動成功
181718 ■コメント "[7.1] PMP Styles"
181718 ■ﾛｰｶﾙｻｲﾄﾞ:"%APPDATA%\Autodesk\AutoCAD Mechanical 2025\R25.0\jpn\Plotters\PMP Files\LocalTiffPrinter.pmp"
181718 ■-> 環境変数展開後:"C:\Users\sasahara\AppData\Roaming\Autodesk\AutoCAD Mechanical 2025\R25.0\jpn\Plotters\PMP Files\LocalTiffPrinter.pmp"
181718 ■ｻｰﾊﾞｰｻｲﾄﾞ:C:\ProgramData\TOYOCOMMON\Autocad\Plotters\PMP Files\LocalTiffPrinter.pmp
 -> テンポラリファイル:C:\Users\sasahara\AppData\Local\Temp\XML_Control.GetFiles_gtjlmdiz.zpzとして取得成功
181718 ■ディレクトリ "C:\Users\sasahara\AppData\Roaming\Autodesk\AutoCAD Mechanical 2025\R25.0\jpn\Plotters\PMP Files" は既に存在しています。処理を続けます
181718 ■ﾛｰｶﾙｻｲﾄﾞ:C:\Users\sasahara\AppData\Roaming\Autodesk\AutoCAD Mechanical 2025\R25.0\jpn\Plotters\PMP Files\LocalTiffPrinter.pmp を 上書きするモードです.既存ﾌｧｲﾙを削除しました
181718 ■テンポラリ:C:\Users\sasahara\AppData\Local\Temp\XML_Control.GetFiles_gtjlmdiz.zpz -> ﾛｰｶﾙｻｲﾄﾞ:C:\Users\sasahara\AppData\Roaming\Autodesk\AutoCAD Mechanical 2025\R25.0\jpn\Plotters\PMP Files\LocalTiffPrinter.pmp 移動成功
181718 ■コメント "[7.2] PMP Styles"
181718 ■ﾛｰｶﾙｻｲﾄﾞ:"%APPDATA%\Autodesk\AutoCAD Mechanical 2025\R25.0\jpn\Plotters\PMP Files\SPC830M.pmp"
181718 ■-> 環境変数展開後:"C:\Users\sasahara\AppData\Roaming\Autodesk\AutoCAD Mechanical 2025\R25.0\jpn\Plotters\PMP Files\SPC830M.pmp"
181718 ■ｻｰﾊﾞｰｻｲﾄﾞ:C:\ProgramData\TOYOCOMMON\Autocad\Plotters\PMP Files\SPC830M.pmp
 -> テンポラリファイル:C:\Users\sasahara\AppData\Local\Temp\XML_Control.GetFiles_zds1so1g.dgxとして取得成功
181718 ■ディレクトリ "C:\Users\sasahara\AppData\Roaming\Autodesk\AutoCAD Mechanical 2025\R25.0\jpn\Plotters\PMP Files" は既に存在しています。処理を続けます
181718 ■ﾛｰｶﾙｻｲﾄﾞ:C:\Users\sasahara\AppData\Roaming\Autodesk\AutoCAD Mechanical 2025\R25.0\jpn\Plotters\PMP Files\SPC830M.pmp を 上書きするモードです.既存ﾌｧｲﾙを削除しました
181718 ■テンポラリ:C:\Users\sasahara\AppData\Local\Temp\XML_Control.GetFiles_zds1so1g.dgx -> ﾛｰｶﾙｻｲﾄﾞ:C:\Users\sasahara\AppData\Roaming\Autodesk\AutoCAD Mechanical 2025\R25.0\jpn\Plotters\PMP Files\SPC830M.pmp 移動成功
181718 ■コメント "[7.3] PMP Styles"
181718 ■ﾛｰｶﾙｻｲﾄﾞ:"%APPDATA%\Autodesk\AutoCAD Mechanical 2025\R25.0\jpn\Plotters\PMP Files\DocuWide 6055.pmp"
181718 ■-> 環境変数展開後:"C:\Users\sasahara\AppData\Roaming\Autodesk\AutoCAD Mechanical 2025\R25.0\jpn\Plotters\PMP Files\DocuWide 6055.pmp"
181718 ■ｻｰﾊﾞｰｻｲﾄﾞ:C:\ProgramData\TOYOCOMMON\Autocad\Plotters\PMP Files\DocuWide 6055.pmp
 -> テンポラリファイル:C:\Users\sasahara\AppData\Local\Temp\XML_Control.GetFiles_jtpdmf05.a32として取得成功
181718 ■ディレクトリ "C:\Users\sasahara\AppData\Roaming\Autodesk\AutoCAD Mechanical 2025\R25.0\jpn\Plotters\PMP Files" は既に存在しています。処理を続けます
181718 ■ディレクトリ "C:\Users\sasahara\AppData\Roaming\Autodesk\AutoCAD Mechanical 2025\R25.0\jpn\Plotters\PMP Files" は既に存在しています。処理を続けます
181718 ■ﾛｰｶﾙｻｲﾄﾞ:C:\Users\sasahara\AppData\Roaming\Autodesk\AutoCAD Mechanical 2025\R25.0\jpn\Plotters\PMP Files\DocuWide 6055.pmp を 上書きするモードです.既存ﾌｧｲﾙを削除しました
181718 ■テンポラリ:C:\Users\sasahara\AppData\Local\Temp\XML_Control.GetFiles_jtpdmf05.a32 -> ﾛｰｶﾙｻｲﾄﾞ:C:\Users\sasahara\AppData\Roaming\Autodesk\AutoCAD Mechanical 2025\R25.0\jpn\Plotters\PMP Files\DocuWide 6055.pmp 移動成功
181718 ■Addin追加指令を実行しました。元のファイルは 履歴ﾌｧｲﾙ "C:\Users\sasahara\source\repos\SasaLibDNet8\SasaLibDNet8.SysConfigurator\スタンドアロンAutoCAD設定インストール\AM2025テンプレート・図枠・表題欄など取得.Conf_2022-09-02_000000.Applied" として保存しました
181718 ■Addin追加ｺﾝﾄﾛｰﾙﾌｧｲﾙ 処理を終了します
